Workbook

Sheet Read me
A1: Analysis verification on a small fake grid
A3: What this is | B3: A check of the analysis code (plan/analysis) on a fake grid small enough to follow by hand. Every number the analysis produced is set beside the same number computed here by Excel formulas, from the run table's basic columns and the score sheets, or, for the permutation p values, by counting every possible relabelling.
A4: The fake grid | B4: Two models: gemma-q4 (three arms) and gptoss-20b (two arms, no OFF). Two runs in every task x condition cell (replicates r01 and r02 of the registered schedules), so 12 runs per arm. 64 attempts, 4 of them void, so 60 analysed runs. Every sampled app was graded with a filled score sheet and an API probe file. Made by make_grid.py (the seed and the planted values are written there).
A5: What was planted | B5: SEEN: 5% failure, about 40 steps, apps that work 85% of the time, reasoning on 98% of steps at about 150 characters, no silent turns. UNSEEN: 45% failure, about 70 steps, apps that work 35% of the time, reasoning on 70% of steps at about 400 characters, a silent turn in 40% of runs. OFF: 30% failure, no reasoning. Also 8% void attempts, 20% of runs nudged, 15% of graded apps with a substituted or added package. With 12 runs per arm, only the large effects reach significance, which is what a real test should do.
A6: Colours | B6: Blue text on a light blue fill: a value copied in (from the analysis output, the fake grid's files, or the planted values). Black: an Excel formula. Green 'ok' or 'close': the check passes. Red 'CHECK' or 'not close': look at that row.
A7: Runs | B7: One row per analysed run. Columns A to M are the run table's basic columns. N to U are recomputed by Excel (stratum, failed, log steps, log median, the quality score and API share looked up from the Quality sheet). Then the analysis's own values, then the planted values. Two checks per run: did the analysis read the files correctly (its values equal what was planted), and does Excel's recomputation equal the analysis. On the right, helper columns for the interval check.
A8: Quality | B8: Every graded app's item results, the card's weights and the probe's check results. The score, the substituted flag and the API share are Excel formulas. Void attempts that fell in the quality sample are listed too, marked 'no, a void attempt'.
A9: Voids | B9: Every attempt in the un-blinding key. Excel marks the void ones, checks that each slot has exactly one analysed attempt and that it is never a void one, and counts attempts and voids per model x arm against the analysis's voids table.
A10: Tests | B10: One row per test of the analysis (confirmatory, and the no-nudge and substituted-0 sensitivity reruns). Counts, means and estimates are AVERAGEIFS and COUNTIFS on the Runs sheet. Newcombe intervals (failure, H5) are written out from Wilson's formula and must match exactly. Holm and the verdicts are formulas and must match exactly.
A11: What Excel cannot redo | B11: Two numbers come from random resampling and cannot be repeated exactly by formulas. (1) The permutation p: the analysis tries 10,000 random relabellings. With two runs a cell, every possible relabelling (up to 46,656) can be counted, which gives the exact p. exact_p.py does that, written separately from the analysis code. The analysis's p must lie within Monte Carlo error of the exact p. (2) The bootstrap intervals (steps, quality, H3, H4): Excel computes a normal interval with the same variance the rescaled bootstrap targets (the unbiased stratified variance, from the w helper columns on Runs). With two runs a stratum the bootstrap is lumpy, so the two should be close, not equal.
A12: Summary
A13: check | B13: passed / out of
A14: Runs: read the files right | B14: =COUNTIF(Runs!$AH$2:$AH$61,"ok")&" of 60" -> 60 of 60
A15: Runs: Excel = analysis | B15: =COUNTIF(Runs!$AI$2:$AI$61,"ok")&" of 60" -> 60 of 60
A16: Voids: one analysed attempt per slot | B16: =COUNTIF(Voids!$J$2:$J$65,"ok")&" of 64" -> 64 of 64
A17: Voids: counts per model x arm | B17: =COUNTIF(Voids!$V$3:$V$7,"ok")&" of 5" -> 5 of 5
A18: Tests: counts, means, estimates | B18: =COUNTIF(Tests!$S$2:$S$25,"ok")&" of 24" -> 24 of 24
A19: Tests: Newcombe intervals (exact) | B19: =COUNTIF(Tests!$AC$2:$AC$25,"ok")&" of 7" -> 7 of 7
A20: Tests: bootstrap intervals (close) | B20: =COUNTIF(Tests!$AC$2:$AC$25,"close")&" of 10" -> 10 of 10
A21: Tests: p within Monte Carlo error of exact | B21: =COUNTIF(Tests!$AG$2:$AG$25,"ok")&" of 24" -> 24 of 24
A22: Tests: Holm | B22: =COUNTIF(Tests!$AJ$2:$AJ$25,"ok")&" of 24" -> 24 of 24
A23: Tests: verdicts | B23: =COUNTIF(Tests!$AM$2:$AM$25,"ok")&" of 24" -> 24 of 24
A24: Tests: X | B24: =COUNTIF(Tests!$AP$2:$AP$25,"ok")&" of 24" -> 24 of 24

Sheet Settings
A1: setting | B1: value | C1: where it comes from
A2: alpha | B2: 0.05 | C2: protocol section 8.1, Holm at alpha = 0.05
A3: failure equivalence bound (+/-) | B3: 0.1 | C3: protocol section 8.2, +/-10 percentage points
A4: steps equivalence bound, low | B4: 0.8 | C4: protocol section 8.2
A5: steps equivalence bound, high | B5: 1.25 | C5: protocol section 8.2
A6: permutations | B6: 10000 | C6: protocol section 8.1 (the Monte Carlo p is (1 + hits) / (10,000 + 1))
A7: z for a 95% interval | B7: =NORMSINV(0.975) -> 1.959964 | C7: formula
A8: z for a 90% interval | B8: =NORMSINV(0.95) -> 1.6448536 | C8: formula
A9: tolerance for 6-digit CSV numbers | B9: 1e-05 | C9: the analysis CSVs print 6 significant digits, so matches are checked to a relative 1e-5
A10: interval 'close' tolerance | B10: 0.25 | C10: a bootstrap interval end counts as close to the formula interval's end if they differ by at most this share of the interval's width

Sheet Runs
A1: blind_id | B1: model | C1: task | D1: condition | E1: arm | F1: replicate | G1: status | H1: steps | I1: nudged | J1: reasoning_rate | K1: reasoning_median_chars | L1: silent_turn | M1: sampled | N1: stratum | O1: failed | P1: log_steps | Q1: log_median_chars | R1: quality | S1: quality, substituted scored 0 | T1: substituted | U1: api_conformance | V1: analysis: failed | W1: analysis: log_steps | X1: analysis: log median | Y1: analysis: quality | Z1: analysis: substituted | AA1: analysis: api_conformance | AB1: planted: status | AC1: planted: steps | AD1: planted: reasoning_rate | AE1: planted: median chars | AF1: planted: silent_turn | AG1: planted: nudged | AH1: check: analysis read the files right (vs planted) | AI1: check: Excel recompute = analysis | AK1: steps: has value | AL1: steps: k in stratum | AM1: steps: stratum mean | AN1: steps: w (for the variance) | AO1: quality: has value | AP1: quality: k in stratum | AQ1: quality: stratum mean | AR1: quality: w (for the variance) | AS1: H3: has value | AT1: H3: k in stratum | AU1: H3: stratum mean | AV1: H3: w (for the variance) | AW1: H4: has value | AX1: H4: k in stratum | AY1: H4: stratum mean | AZ1: H4: w (for the variance)
A2: 444173 | B2: gemma-q4 | C2: kanban-board | D2: execution | E2: off | F2: 1 | G2: finished | H2: 41 | I2: 0 | J2: 0 | L2: 0 | M2: 1 | N2: =C2&"|"&D2 -> kanban-board|execution | O2: =IF(G2="finished",0,1) -> 0 | P2: =IF(O2=0,LN(H2),"") -> 3.7135721 | Q2: =IF(ISNUMBER(K2),IF(K2>0,LN(K2),""),"") | R2: =IF(M2=1,INDEX(Quality!$AF:$AF,MATCH(A2,Quality!$A:$A,0)),"") -> 22 | S2: =IF(R2="","",IF(T2=1,0,R2)) -> 0 | T2: =IF(M2=1,INDEX(Quality!$AG:$AG,MATCH(A2,Quality!$A:$A,0)),0) -> 1 | U2: =IF(M2=1,INDEX(Quality!$AS:$AS,MATCH(A2,Quality!$A:$A,0)),"") -> 0.6 | V2: 0 | W2: 3.71357 | Y2: 22 | Z2: 1 | AA2: 0.6 | AB2: finished | AC2: 41 | AD2: 0 | AF2: 0 | AG2: 0 | AH2: =IF(AND(G2=AB2,IF(AND(ISNUMBER(H2),ISNUMBER(AC2)),ABS(N(H2)-N(AC2))<=Settings!$B$9*MAX(1,ABS(N(AC2))),AND(H2="",AC2="")),IF(AND(ISNUMBER(J2),ISNUMBER(AD2)),ABS(N(J2)-N(AD2))<=Settings!$B$9*MAX(1,ABS(N(AD2))),AND(J2="",AD2="")),IF(AND(ISNUMBER(K2),ISNUMBER(AE2)),ABS(N(K2)-N(AE2))<=Settings!$B$9*MAX(1,ABS(N(AE2))),AND(K2="",AE2="")),L2=AF2,I2=AG2),"ok","CHECK") -> ok | AI2: =IF(AND(IF(AND(ISNUMBER(O2),ISNUMBER(V2)),ABS(N(O2)-N(V2))<=Settings!$B$9*MAX(1,ABS(N(V2))),AND(O2="",V2="")),IF(AND(ISNUMBER(P2),ISNUMBER(W2)),ABS(N(P2)-N(W2))<=Settings!$B$9*MAX(1,ABS(N(W2))),AND(P2="",W2="")),IF(AND(ISNUMBER(Q2),ISNUMBER(X2)),ABS(N(Q2)-N(X2))<=Settings!$B$9*MAX(1,ABS(N(X2))),AND(Q2="",X2="")),IF(AND(ISNUMBER(R2),ISNUMBER(Y2)),ABS(N(R2)-N(Y2))<=Settings!$B$9*MAX(1,ABS(N(Y2))),AND(R2="",Y2="")),T2=Z2,IF(AND(ISNUMBER(U2),ISNUMBER(AA2)),ABS(N(U2)-N(AA2))<=Settings!$B$9*MAX(1,ABS(N(AA2))),AND(U2="",AA2=""))),"ok","CHECK") -> ok | AK2: =IF(ISNUMBER(P2),1,0) -> 1 | AL2: =COUNTIFS(Runs!$B$2:$B$61,B2,Runs!$E$2:$E$61,E2,Runs!$N$2:$N$61,N2,Runs!$AK$2:$AK$61,1) -> 2 | AM2: =IF(AK2=1,AVERAGEIFS(Runs!$P$2:$P$61,Runs!$B$2:$B$61,B2,Runs!$E$2:$E$61,E2,Runs!$N$2:$N$61,N2,Runs!$AK$2:$AK$61,1),"") -> 3.7601173 | AN2: =IF(AK2=1,IF(AL2>1,(P2-AM2)^2*AL2/(AL2-1),0),0) -> 0.0043329134 | AO2: =IF(ISNUMBER(R2),1,0) -> 1 | AP2: =COUNTIFS(Runs!$B$2:$B$61,B2,Runs!$E$2:$E$61,E2,Runs!$N$2:$N$61,N2,Runs!$AO$2:$AO$61,1) -> 2 | AQ2: =IF(AO2=1,AVERAGEIFS(Runs!$R$2:$R$61,Runs!$B$2:$B$61,B2,Runs!$E$2:$E$61,E2,Runs!$N$2:$N$61,N2,Runs!$AO$2:$AO$61,1),"") -> 57 | AR2: =IF(AO2=1,IF(AP2>1,(R2-AQ2)^2*AP2/(AP2-1),0),0) -> 2450 | AS2: =IF(ISNUMBER(J2),1,0) -> 1 | AT2: =COUNTIFS(Runs!$B$2:$B$61,B2,Runs!$E$2:$E$61,E2,Runs!$N$2:$N$61,N2,Runs!$AS$2:$AS$61,1) -> 2 | AU2: =IF(AS2=1,AVERAGEIFS(Runs!$J$2:$J$61,Runs!$B$2:$B$61,B2,Runs!$E$2:$E$61,E2,Runs!$N$2:$N$61,N2,Runs!$AS$2:$AS$61,1),"") -> 0 | AV2: =IF(AS2=1,IF(AT2>1,(J2-AU2)^2*AT2/(AT2-1),0),0) -> 0 | AW2: =IF(ISNUMBER(Q2),1,0) -> 0 | AX2: =COUNTIFS(Runs!$B$2:$B$61,B2,Runs!$E$2:$E$61,E2,Runs!$N$2:$N$61,N2,Runs!$AW$2:$AW$61,1) -> 0 | AY2: =IF(AW2=1,AVERAGEIFS(Runs!$Q$2:$Q$61,Runs!$B$2:$B$61,B2,Runs!$E$2:$E$61,E2,Runs!$N$2:$N$61,N2,Runs!$AW$2:$AW$61,1),"") | AZ2: =IF(AW2=1,IF(AX2>1,(Q2-AY2)^2*AX2/(AX2-1),0),0) -> 0
A3: 750607 | B3: gemma-q4 | C3: kanban-board | D3: execution | E3: off | F3: 2 | G3: finished | H3: 45 | I3: 0 | J3: 0 | L3: 0 | M3: 1 | N3: =C3&"|"&D3 -> kanban-board|execution | O3: =IF(G3="finished",0,1) -> 0 | P3: =IF(O3=0,LN(H3),"") -> 3.8066625 | Q3: =IF(ISNUMBER(K3),IF(K3>0,LN(K3),""),"") | R3: =IF(M3=1,INDEX(Quality!$AF:$AF,MATCH(A3,Quality!$A:$A,0)),"") -> 92 | S3: =IF(R3="","",IF(T3=1,0,R3)) -> 92 | T3: =IF(M3=1,INDEX(Quality!$AG:$AG,MATCH(A3,Quality!$A:$A,0)),0) -> 0 | U3: =IF(M3=1,INDEX(Quality!$AS:$AS,MATCH(A3,Quality!$A:$A,0)),"") -> 0.5 | V3: 0 | W3: 3.80666 | Y3: 92 | Z3: 0 | AA3: 0.5 | AB3: finished | AC3: 45 | AD3: 0 | AF3: 0 | AG3: 0 | AH3: =IF(AND(G3=AB3,IF(AND(ISNUMBER(H3),ISNUMBER(AC3)),ABS(N(H3)-N(AC3))<=Settings!$B$9*MAX(1,ABS(N(AC3))),AND(H3="",AC3="")),IF(AND(ISNUMBER(J3),ISNUMBER(AD3)),ABS(N(J3)-N(AD3))<=Settings!$B$9*MAX(1,ABS(N(AD3))),AND(J3="",AD3="")),IF(AND(ISNUMBER(K3),ISNUMBER(AE3)),ABS(N(K3)-N(AE3))<=Settings!$B$9*MAX(1,ABS(N(AE3))),AND(K3="",AE3="")),L3=AF3,I3=AG3),"ok","CHECK") -> ok | AI3: =IF(AND(IF(AND(ISNUMBER(O3),ISNUMBER(V3)),ABS(N(O3)-N(V3))<=Settings!$B$9*MAX(1,ABS(N(V3))),AND(O3="",V3="")),IF(AND(ISNUMBER(P3),ISNUMBER(W3)),ABS(N(P3)-N(W3))<=Settings!$B$9*MAX(1,ABS(N(W3))),AND(P3="",W3="")),IF(AND(ISNUMBER(Q3),ISNUMBER(X3)),ABS(N(Q3)-N(X3))<=Settings!$B$9*MAX(1,ABS(N(X3))),AND(Q3="",X3="")),IF(AND(ISNUMBER(R3),ISNUMBER(Y3)),ABS(N(R3)-N(Y3))<=Settings!$B$9*MAX(1,ABS(N(Y3))),AND(R3="",Y3="")),T3=Z3,IF(AND(ISNUMBER(U3),ISNUMBER(AA3)),ABS(N(U3)-N(AA3))<=Settings!$B$9*MAX(1,ABS(N(AA3))),AND(U3="",AA3=""))),"ok","CHECK") -> ok | AK3: =IF(ISNUMBER(P3),1,0) -> 1 | AL3: =COUNTIFS(Runs!$B$2:$B$61,B3,Runs!$E$2:$E$61,E3,Runs!$N$2:$N$61,N3,Runs!$AK$2:$AK$61,1) -> 2 | AM3: =IF(AK3=1,AVERAGEIFS(Runs!$P$2:$P$61,Runs!$B$2:$B$61,B3,Runs!$E$2:$E$61,E3,Runs!$N$2:$N$61,N3,Runs!$AK$2:$AK$61,1),"") -> 3.7601173 | AN3: =IF(AK3=1,IF(AL3>1,(P3-AM3)^2*AL3/(AL3-1),0),0) -> 0.0043329134 | AO3: =IF(ISNUMBER(R3),1,0) -> 1 | AP3: =COUNTIFS(Runs!$B$2:$B$61,B3,Runs!$E$2:$E$61,E3,Runs!$N$2:$N$61,N3,Runs!$AO$2:$AO$61,1) -> 2 | AQ3: =IF(AO3=1,AVERAGEIFS(Runs!$R$2:$R$61,Runs!$B$2:$B$61,B3,Runs!$E$2:$E$61,E3,Runs!$N$2:$N$61,N3,Runs!$AO$2:$AO$61,1),"") -> 57 | AR3: =IF(AO3=1,IF(AP3>1,(R3-AQ3)^2*AP3/(AP3-1),0),0) -> 2450 | AS3: =IF(ISNUMBER(J3),1,0) -> 1 | AT3: =COUNTIFS(Runs!$B$2:$B$61,B3,Runs!$E$2:$E$61,E3,Runs!$N$2:$N$61,N3,Runs!$AS$2:$AS$61,1) -> 2 | AU3: =IF(AS3=1,AVERAGEIFS(Runs!$J$2:$J$61,Runs!$B$2:$B$61,B3,Runs!$E$2:$E$61,E3,Runs!$N$2:$N$61,N3,Runs!$AS$2:$AS$61,1),"") -> 0 | AV3: =IF(AS3=1,IF(AT3>1,(J3-AU3)^2*AT3/(AT3-1),0),0) -> 0 | AW3: =IF(ISNUMBER(Q3),1,0) -> 0 | AX3: =COUNTIFS(Runs!$B$2:$B$61,B3,Runs!$E$2:$E$61,E3,Runs!$N$2:$N$61,N3,Runs!$AW$2:$AW$61,1) -> 0 | AY3: =IF(AW3=1,AVERAGEIFS(Runs!$Q$2:$Q$61,Runs!$B$2:$B$61,B3,Runs!$E$2:$E$61,E3,Runs!$N$2:$N$61,N3,Runs!$AW$2:$AW$61,1),"") | AZ3: =IF(AW3=1,IF(AX3>1,(Q3-AY3)^2*AX3/(AX3-1),0),0) -> 0
A4: 492366 | B4: gemma-q4 | C4: kanban-board | D4: execution | E4: unseen | F4: 1 | G4: finished | H4: 50 | I4: 0 | J4: 0.7 | K4: 440 | L4: 0 | M4: 1 | N4: =C4&"|"&D4 -> kanban-board|execution | O4: =IF(G4="finished",0,1) -> 0 | P4: =IF(O4=0,LN(H4),"") -> 3.912023 | Q4: =IF(ISNUMBER(K4),IF(K4>0,LN(K4),""),"") -> 6.0867747 | R4: =IF(M4=1,INDEX(Quality!$AF:$AF,MATCH(A4,Quality!$A:$A,0)),"") -> 14 | S4: =IF(R4="","",IF(T4=1,0,R4)) -> 14 | T4: =IF(M4=1,INDEX(Quality!$AG:$AG,MATCH(A4,Quality!$A:$A,0)),0) -> 0 | U4: =IF(M4=1,INDEX(Quality!$AS:$AS,MATCH(A4,Quality!$A:$A,0)),"") -> 0.6 | V4: 0 | W4: 3.91202 | X4: 6.08677 | Y4: 14 | Z4: 0 | AA4: 0.6 | AB4: finished | AC4: 50 | AD4: 0.7 | AE4: 440 | AF4: 0 | AG4: 0 | AH4: =IF(AND(G4=AB4,IF(AND(ISNUMBER(H4),ISNUMBER(AC4)),ABS(N(H4)-N(AC4))<=Settings!$B$9*MAX(1,ABS(N(AC4))),AND(H4="",AC4="")),IF(AND(ISNUMBER(J4),ISNUMBER(AD4)),ABS(N(J4)-N(AD4))<=Settings!$B$9*MAX(1,ABS(N(AD4))),AND(J4="",AD4="")),IF(AND(ISNUMBER(K4),ISNUMBER(AE4)),ABS(N(K4)-N(AE4))<=Settings!$B$9*MAX(1,ABS(N(AE4))),AND(K4="",AE4="")),L4=AF4,I4=AG4),"ok","CHECK") -> ok | AI4: =IF(AND(IF(AND(ISNUMBER(O4),ISNUMBER(V4)),ABS(N(O4)-N(V4))<=Settings!$B$9*MAX(1,ABS(N(V4))),AND(O4="",V4="")),IF(AND(ISNUMBER(P4),ISNUMBER(W4)),ABS(N(P4)-N(W4))<=Settings!$B$9*MAX(1,ABS(N(W4))),AND(P4="",W4="")),IF(AND(ISNUMBER(Q4),ISNUMBER(X4)),ABS(N(Q4)-N(X4))<=Settings!$B$9*MAX(1,ABS(N(X4))),AND(Q4="",X4="")),IF(AND(ISNUMBER(R4),ISNUMBER(Y4)),ABS(N(R4)-N(Y4))<=Settings!$B$9*MAX(1,ABS(N(Y4))),AND(R4="",Y4="")),T4=Z4,IF(AND(ISNUMBER(U4),ISNUMBER(AA4)),ABS(N(U4)-N(AA4))<=Settings!$B$9*MAX(1,ABS(N(AA4))),AND(U4="",AA4=""))),"ok","CHECK") -> ok | AK4: =IF(ISNUMBER(P4),1,0) -> 1 | AL4: =COUNTIFS(Runs!$B$2:$B$61,B4,Runs!$E$2:$E$61,E4,Runs!$N$2:$N$61,N4,Runs!$AK$2:$AK$61,1) -> 1 | AM4: =IF(AK4=1,AVERAGEIFS(Runs!$P$2:$P$61,Runs!$B$2:$B$61,B4,Runs!$E$2:$E$61,E4,Runs!$N$2:$N$61,N4,Runs!$AK$2:$AK$61,1),"") -> 3.912023 | AN4: =IF(AK4=1,IF(AL4>1,(P4-AM4)^2*AL4/(AL4-1),0),0) -> 0 | AO4: =IF(ISNUMBER(R4),1,0) -> 1 | AP4: =COUNTIFS(Runs!$B$2:$B$61,B4,Runs!$E$2:$E$61,E4,Runs!$N$2:$N$61,N4,Runs!$AO$2:$AO$61,1) -> 2 | AQ4: =IF(AO4=1,AVERAGEIFS(Runs!$R$2:$R$61,Runs!$B$2:$B$61,B4,Runs!$E$2:$E$61,E4,Runs!$N$2:$N$61,N4,Runs!$AO$2:$AO$61,1),"") -> 8 | AR4: =IF(AO4=1,IF(AP4>1,(R4-AQ4)^2*AP4/(AP4-1),0),0) -> 72 | AS4: =IF(ISNUMBER(J4),1,0) -> 1 | AT4: =COUNTIFS(Runs!$B$2:$B$61,B4,Runs!$E$2:$E$61,E4,Runs!$N$2:$N$61,N4,Runs!$AS$2:$AS$61,1) -> 2 | AU4: =IF(AS4=1,AVERAGEIFS(Runs!$J$2:$J$61,Runs!$B$2:$B$61,B4,Runs!$E$2:$E$61,E4,Runs!$N$2:$N$61,N4,Runs!$AS$2:$AS$61,1),"") -> 0.71875 | AV4: =IF(AS4=1,IF(AT4>1,(J4-AU4)^2*AT4/(AT4-1),0),0) -> 0.000703125 | AW4: =IF(ISNUMBER(Q4),1,0) -> 1 | AX4: =COUNTIFS(Runs!$B$2:$B$61,B4,Runs!$E$2:$E$61,E4,Runs!$N$2:$N$61,N4,Runs!$AW$2:$AW$61,1) -> 2 | AY4: =IF(AW4=1,AVERAGEIFS(Runs!$Q$2:$Q$61,Runs!$B$2:$B$61,B4,Runs!$E$2:$E$61,E4,Runs!$N$2:$N$61,N4,Runs!$AW$2:$AW$61,1),"") -> 6.00951 | AZ4: =IF(AW4=1,IF(AX4>1,(Q4-AY4)^2*AX4/(AX4-1),0),0) -> 0.011939689
A5: 990307 | B5: gemma-q4 | C5: kanban-board | D5: execution | E5: unseen | F5: 2 | G5: truncated_tool_args | H5: 80 | I5: 0 | J5: 0.7375 | K5: 377 | L5: 0 | M5: 1 | N5: =C5&"|"&D5 -> kanban-board|execution | O5: =IF(G5="finished",0,1) -> 1 | P5: =IF(O5=0,LN(H5),"") | Q5: =IF(ISNUMBER(K5),IF(K5>0,LN(K5),""),"") -> 5.9322452 | R5: =IF(M5=1,INDEX(Quality!$AF:$AF,MATCH(A5,Quality!$A:$A,0)),"") -> 2 | S5: =IF(R5="","",IF(T5=1,0,R5)) -> 2 | T5: =IF(M5=1,INDEX(Quality!$AG:$AG,MATCH(A5,Quality!$A:$A,0)),0) -> 0 | U5: =IF(M5=1,INDEX(Quality!$AS:$AS,MATCH(A5,Quality!$A:$A,0)),"") -> 0.7 | V5: 1 | X5: 5.93225 | Y5: 2 | Z5: 0 | AA5: 0.7 | AB5: truncated_tool_args | AC5: 80 | AD5: 0.7375 | AE5: 377 | AF5: 0 | AG5: 0 | AH5: =IF(AND(G5=AB5,IF(AND(ISNUMBER(H5),ISNUMBER(AC5)),ABS(N(H5)-N(AC5))<=Settings!$B$9*MAX(1,ABS(N(AC5))),AND(H5="",AC5="")),IF(AND(ISNUMBER(J5),ISNUMBER(AD5)),ABS(N(J5)-N(AD5))<=Settings!$B$9*MAX(1,ABS(N(AD5))),AND(J5="",AD5="")),IF(AND(ISNUMBER(K5),ISNUMBER(AE5)),ABS(N(K5)-N(AE5))<=Settings!$B$9*MAX(1,ABS(N(AE5))),AND(K5="",AE5="")),L5=AF5,I5=AG5),"ok","CHECK") -> ok | AI5: =IF(AND(IF(AND(ISNUMBER(O5),ISNUMBER(V5)),ABS(N(O5)-N(V5))<=Settings!$B$9*MAX(1,ABS(N(V5))),AND(O5="",V5="")),IF(AND(ISNUMBER(P5),ISNUMBER(W5)),ABS(N(P5)-N(W5))<=Settings!$B$9*MAX(1,ABS(N(W5))),AND(P5="",W5="")),IF(AND(ISNUMBER(Q5),ISNUMBER(X5)),ABS(N(Q5)-N(X5))<=Settings!$B$9*MAX(1,ABS(N(X5))),AND(Q5="",X5="")),IF(AND(ISNUMBER(R5),ISNUMBER(Y5)),ABS(N(R5)-N(Y5))<=Settings!$B$9*MAX(1,ABS(N(Y5))),AND(R5="",Y5="")),T5=Z5,IF(AND(ISNUMBER(U5),ISNUMBER(AA5)),ABS(N(U5)-N(AA5))<=Settings!$B$9*MAX(1,ABS(N(AA5))),AND(U5="",AA5=""))),"ok","CHECK") -> ok | AK5: =IF(ISNUMBER(P5),1,0) -> 0 | AL5: =COUNTIFS(Runs!$B$2:$B$61,B5,Runs!$E$2:$E$61,E5,Runs!$N$2:$N$61,N5,Runs!$AK$2:$AK$61,1) -> 1 | AM5: =IF(AK5=1,AVERAGEIFS(Runs!$P$2:$P$61,Runs!$B$2:$B$61,B5,Runs!$E$2:$E$61,E5,Runs!$N$2:$N$61,N5,Runs!$AK$2:$AK$61,1),"") | AN5: =IF(AK5=1,IF(AL5>1,(P5-AM5)^2*AL5/(AL5-1),0),0) -> 0 | AO5: =IF(ISNUMBER(R5),1,0) -> 1 | AP5: =COUNTIFS(Runs!$B$2:$B$61,B5,Runs!$E$2:$E$61,E5,Runs!$N$2:$N$61,N5,Runs!$AO$2:$AO$61,1) -> 2 | AQ5: =IF(AO5=1,AVERAGEIFS(Runs!$R$2:$R$61,Runs!$B$2:$B$61,B5,Runs!$E$2:$E$61,E5,Runs!$N$2:$N$61,N5,Runs!$AO$2:$AO$61,1),"") -> 8 | AR5: =IF(AO5=1,IF(AP5>1,(R5-AQ5)^2*AP5/(AP5-1),0),0) -> 72 | AS5: =IF(ISNUMBER(J5),1,0) -> 1 | AT5: =COUNTIFS(Runs!$B$2:$B$61,B5,Runs!$E$2:$E$61,E5,Runs!$N$2:$N$61,N5,Runs!$AS$2:$AS$61,1) -> 2 | AU5: =IF(AS5=1,AVERAGEIFS(Runs!$J$2:$J$61,Runs!$B$2:$B$61,B5,Runs!$E$2:$E$61,E5,Runs!$N$2:$N$61,N5,Runs!$AS$2:$AS$61,1),"") -> 0.71875 | AV5: =IF(AS5=1,IF(AT5>1,(J5-AU5)^2*AT5/(AT5-1),0),0) -> 0.000703125 | AW5: =IF(ISNUMBER(Q5),1,0) -> 1 | AX5: =COUNTIFS(Runs!$B$2:$B$61,B5,Runs!$E$2:$E$61,E5,Runs!$N$2:$N$61,N5,Runs!$AW$2:$AW$61,1) -> 2 | AY5: =IF(AW5=1,AVERAGEIFS(Runs!$Q$2:$Q$61,Runs!$B$2:$B$61,B5,Runs!$E$2:$E$61,E5,Runs!$N$2:$N$61,N5,Runs!$AW$2:$AW$61,1),"") -> 6.00951 | AZ5: =IF(AW5=1,IF(AX5>1,(Q5-AY5)^2*AX5/(AX5-1),0),0) -> 0.011939689
A6: 232514 | B6: gemma-q4 | C6: kanban-board | D6: execution | E6: seen | F6: 1 | G6: finished | H6: 42 | I6: 0 | J6: 0.97619 | K6: 131 | L6: 0 | M6: 1 | N6: =C6&"|"&D6 -> kanban-board|execution | O6: =IF(G6="finished",0,1) -> 0 | P6: =IF(O6=0,LN(H6),"") -> 3.7376696 | Q6: =IF(ISNUMBER(K6),IF(K6>0,LN(K6),""),"") -> 4.8751973 | R6: =IF(M6=1,INDEX(Quality!$AF:$AF,MATCH(A6,Quality!$A:$A,0)),"") -> 80 | S6: =IF(R6="","",IF(T6=1,0,R6)) -> 80 | T6: =IF(M6=1,INDEX(Quality!$AG:$AG,MATCH(A6,Quality!$A:$A,0)),0) -> 0 | U6: =IF(M6=1,INDEX(Quality!$AS:$AS,MATCH(A6,Quality!$A:$A,0)),"") -> 0.7 | V6: 0 | W6: 3.73767 | X6: 4.8752 | Y6: 80 | Z6: 0 | AA6: 0.7 | AB6: finished | AC6: 42 | AD6: 0.97619048 | AE6: 131 | AF6: 0 | AG6: 0 | AH6: =IF(AND(G6=AB6,IF(AND(ISNUMBER(H6),ISNUMBER(AC6)),ABS(N(H6)-N(AC6))<=Settings!$B$9*MAX(1,ABS(N(AC6))),AND(H6="",AC6="")),IF(AND(ISNUMBER(J6),ISNUMBER(AD6)),ABS(N(J6)-N(AD6))<=Settings!$B$9*MAX(1,ABS(N(AD6))),AND(J6="",AD6="")),IF(AND(ISNUMBER(K6),ISNUMBER(AE6)),ABS(N(K6)-N(AE6))<=Settings!$B$9*MAX(1,ABS(N(AE6))),AND(K6="",AE6="")),L6=AF6,I6=AG6),"ok","CHECK") -> ok | AI6: =IF(AND(IF(AND(ISNUMBER(O6),ISNUMBER(V6)),ABS(N(O6)-N(V6))<=Settings!$B$9*MAX(1,ABS(N(V6))),AND(O6="",V6="")),IF(AND(ISNUMBER(P6),ISNUMBER(W6)),ABS(N(P6)-N(W6))<=Settings!$B$9*MAX(1,ABS(N(W6))),AND(P6="",W6="")),IF(AND(ISNUMBER(Q6),ISNUMBER(X6)),ABS(N(Q6)-N(X6))<=Settings!$B$9*MAX(1,ABS(N(X6))),AND(Q6="",X6="")),IF(AND(ISNUMBER(R6),ISNUMBER(Y6)),ABS(N(R6)-N(Y6))<=Settings!$B$9*MAX(1,ABS(N(Y6))),AND(R6="",Y6="")),T6=Z6,IF(AND(ISNUMBER(U6),ISNUMBER(AA6)),ABS(N(U6)-N(AA6))<=Settings!$B$9*MAX(1,ABS(N(AA6))),AND(U6="",AA6=""))),"ok","CHECK") -> ok | AK6: =IF(ISNUMBER(P6),1,0) -> 1 | AL6: =COUNTIFS(Runs!$B$2:$B$61,B6,Runs!$E$2:$E$61,E6,Runs!$N$2:$N$61,N6,Runs!$AK$2:$AK$61,1) -> 2 | AM6: =IF(AK6=1,AVERAGEIFS(Runs!$P$2:$P$61,Runs!$B$2:$B$61,B6,Runs!$E$2:$E$61,E6,Runs!$N$2:$N$61,N6,Runs!$AK$2:$AK$61,1),"") -> 3.4978831 | AN6: =IF(AK6=1,IF(AL6>1,(P6-AM6)^2*AL6/(AL6-1),0),0) -> 0.11499517 | AO6: =IF(ISNUMBER(R6),1,0) -> 1 | AP6: =COUNTIFS(Runs!$B$2:$B$61,B6,Runs!$E$2:$E$61,E6,Runs!$N$2:$N$61,N6,Runs!$AO$2:$AO$61,1) -> 2 | AQ6: =IF(AO6=1,AVERAGEIFS(Runs!$R$2:$R$61,Runs!$B$2:$B$61,B6,Runs!$E$2:$E$61,E6,Runs!$N$2:$N$61,N6,Runs!$AO$2:$AO$61,1),"") -> 83 | AR6: =IF(AO6=1,IF(AP6>1,(R6-AQ6)^2*AP6/(AP6-1),0),0) -> 18 | AS6: =IF(ISNUMBER(J6),1,0) -> 1 | AT6: =COUNTIFS(Runs!$B$2:$B$61,B6,Runs!$E$2:$E$61,E6,Runs!$N$2:$N$61,N6,Runs!$AS$2:$AS$61,1) -> 2 | AU6: =IF(AS6=1,AVERAGEIFS(Runs!$J$2:$J$61,Runs!$B$2:$B$61,B6,Runs!$E$2:$E$61,E6,Runs!$N$2:$N$61,N6,Runs!$AS$2:$AS$61,1),"") -> 0.988095 | AV6: =IF(AS6=1,IF(AT6>1,(J6-AU6)^2*AT6/(AT6-1),0),0) -> 0.00028345805 | AW6: =IF(ISNUMBER(Q6),1,0) -> 1 | AX6: =COUNTIFS(Runs!$B$2:$B$61,B6,Runs!$E$2:$E$61,E6,Runs!$N$2:$N$61,N6,Runs!$AW$2:$AW$61,1) -> 2 | AY6: =IF(AW6=1,AVERAGEIFS(Runs!$Q$2:$Q$61,Runs!$B$2:$B$61,B6,Runs!$E$2:$E$61,E6,Runs!$N$2:$N$61,N6,Runs!$AW$2:$AW$61,1),"") -> 4.9720508 | AZ6: =IF(AW6=1,IF(AX6>1,(Q6-AY6)^2*AX6/(AX6-1),0),0) -> 0.018761177
A7: 207060 | B7: gemma-q4 | C7: kanban-board | D7: execution | E7: seen | F7: 2 | G7: finished | H7: 26 | I7: 1 | J7: 1 | K7: 159 | L7: 0 | M7: 1 | N7: =C7&"|"&D7 -> kanban-board|execution | O7: =IF(G7="finished",0,1) -> 0 | P7: =IF(O7=0,LN(H7),"") -> 3.2580965 | Q7: =IF(ISNUMBER(K7),IF(K7>0,LN(K7),""),"") -> 5.0689042 | R7: =IF(M7=1,INDEX(Quality!$AF:$AF,MATCH(A7,Quality!$A:$A,0)),"") -> 86 | S7: =IF(R7="","",IF(T7=1,0,R7)) -> 86 | T7: =IF(M7=1,INDEX(Quality!$AG:$AG,MATCH(A7,Quality!$A:$A,0)),0) -> 0 | U7: =IF(M7=1,INDEX(Quality!$AS:$AS,MATCH(A7,Quality!$A:$A,0)),"") -> 0.7 | V7: 0 | W7: 3.2581 | X7: 5.0689 | Y7: 86 | Z7: 0 | AA7: 0.7 | AB7: finished | AC7: 26 | AD7: 1 | AE7: 159 | AF7: 0 | AG7: 1 | AH7: =IF(AND(G7=AB7,IF(AND(ISNUMBER(H7),ISNUMBER(AC7)),ABS(N(H7)-N(AC7))<=Settings!$B$9*MAX(1,ABS(N(AC7))),AND(H7="",AC7="")),IF(AND(ISNUMBER(J7),ISNUMBER(AD7)),ABS(N(J7)-N(AD7))<=Settings!$B$9*MAX(1,ABS(N(AD7))),AND(J7="",AD7="")),IF(AND(ISNUMBER(K7),ISNUMBER(AE7)),ABS(N(K7)-N(AE7))<=Settings!$B$9*MAX(1,ABS(N(AE7))),AND(K7="",AE7="")),L7=AF7,I7=AG7),"ok","CHECK") -> ok | AI7: =IF(AND(IF(AND(ISNUMBER(O7),ISNUMBER(V7)),ABS(N(O7)-N(V7))<=Settings!$B$9*MAX(1,ABS(N(V7))),AND(O7="",V7="")),IF(AND(ISNUMBER(P7),ISNUMBER(W7)),ABS(N(P7)-N(W7))<=Settings!$B$9*MAX(1,ABS(N(W7))),AND(P7="",W7="")),IF(AND(ISNUMBER(Q7),ISNUMBER(X7)),ABS(N(Q7)-N(X7))<=Settings!$B$9*MAX(1,ABS(N(X7))),AND(Q7="",X7="")),IF(AND(ISNUMBER(R7),ISNUMBER(Y7)),ABS(N(R7)-N(Y7))<=Settings!$B$9*MAX(1,ABS(N(Y7))),AND(R7="",Y7="")),T7=Z7,IF(AND(ISNUMBER(U7),ISNUMBER(AA7)),ABS(N(U7)-N(AA7))<=Settings!$B$9*MAX(1,ABS(N(AA7))),AND(U7="",AA7=""))),"ok","CHECK") -> ok | AK7: =IF(ISNUMBER(P7),1,0) -> 1 | AL7: =COUNTIFS(Runs!$B$2:$B$61,B7,Runs!$E$2:$E$61,E7,Runs!$N$2:$N$61,N7,Runs!$AK$2:$AK$61,1) -> 2 | AM7: =IF(AK7=1,AVERAGEIFS(Runs!$P$2:$P$61,Runs!$B$2:$B$61,B7,Runs!$E$2:$E$61,E7,Runs!$N$2:$N$61,N7,Runs!$AK$2:$AK$61,1),"") -> 3.4978831 | AN7: =IF(AK7=1,IF(AL7>1,(P7-AM7)^2*AL7/(AL7-1),0),0) -> 0.11499517 | AO7: =IF(ISNUMBER(R7),1,0) -> 1 | AP7: =COUNTIFS(Runs!$B$2:$B$61,B7,Runs!$E$2:$E$61,E7,Runs!$N$2:$N$61,N7,Runs!$AO$2:$AO$61,1) -> 2 | AQ7: =IF(AO7=1,AVERAGEIFS(Runs!$R$2:$R$61,Runs!$B$2:$B$61,B7,Runs!$E$2:$E$61,E7,Runs!$N$2:$N$61,N7,Runs!$AO$2:$AO$61,1),"") -> 83 | AR7: =IF(AO7=1,IF(AP7>1,(R7-AQ7)^2*AP7/(AP7-1),0),0) -> 18 | AS7: =IF(ISNUMBER(J7),1,0) -> 1 | AT7: =COUNTIFS(Runs!$B$2:$B$61,B7,Runs!$E$2:$E$61,E7,Runs!$N$2:$N$61,N7,Runs!$AS$2:$AS$61,1) -> 2 | AU7: =IF(AS7=1,AVERAGEIFS(Runs!$J$2:$J$61,Runs!$B$2:$B$61,B7,Runs!$E$2:$E$61,E7,Runs!$N$2:$N$61,N7,Runs!$AS$2:$AS$61,1),"") -> 0.988095 | AV7: =IF(AS7=1,IF(AT7>1,(J7-AU7)^2*AT7/(AT7-1),0),0) -> 0.00028345805 | AW7: =IF(ISNUMBER(Q7),1,0) -> 1 | AX7: =COUNTIFS(Runs!$B$2:$B$61,B7,Runs!$E$2:$E$61,E7,Runs!$N$2:$N$61,N7,Runs!$AW$2:$AW$61,1) -> 2 | AY7: =IF(AW7=1,AVERAGEIFS(Runs!$Q$2:$Q$61,Runs!$B$2:$B$61,B7,Runs!$E$2:$E$61,E7,Runs!$N$2:$N$61,N7,Runs!$AW$2:$AW$61,1),"") -> 4.9720508 | AZ7: =IF(AW7=1,IF(AX7>1,(Q7-AY7)^2*AX7/(AX7-1),0),0) -> 0.018761177
A8: 627658 | B8: gemma-q4 | C8: kanban-board | D8: interactive | E8: off | F8: 1 | G8: finished | H8: 23 | I8: 1 | J8: 0 | L8: 0 | M8: 1 | N8: =C8&"|"&D8 -> kanban-board|interactive | O8: =IF(G8="finished",0,1) -> 0 | P8: =IF(O8=0,LN(H8),"") -> 3.1354942 | Q8: =IF(ISNUMBER(K8),IF(K8>0,LN(K8),""),"") | R8: =IF(M8=1,INDEX(Quality!$AF:$AF,MATCH(A8,Quality!$A:$A,0)),"") -> 94 | S8: =IF(R8="","",IF(T8=1,0,R8)) -> 94 | T8: =IF(M8=1,INDEX(Quality!$AG:$AG,MATCH(A8,Quality!$A:$A,0)),0) -> 0 | U8: =IF(M8=1,INDEX(Quality!$AS:$AS,MATCH(A8,Quality!$A:$A,0)),"") -> 0.6 | V8: 0 | W8: 3.13549 | Y8: 94 | Z8: 0 | AA8: 0.6 | AB8: finished | AC8: 23 | AD8: 0 | AF8: 0 | AG8: 1 | AH8: =IF(AND(G8=AB8,IF(AND(ISNUMBER(H8),ISNUMBER(AC8)),ABS(N(H8)-N(AC8))<=Settings!$B$9*MAX(1,ABS(N(AC8))),AND(H8="",AC8="")),IF(AND(ISNUMBER(J8),ISNUMBER(AD8)),ABS(N(J8)-N(AD8))<=Settings!$B$9*MAX(1,ABS(N(AD8))),AND(J8="",AD8="")),IF(AND(ISNUMBER(K8),ISNUMBER(AE8)),ABS(N(K8)-N(AE8))<=Settings!$B$9*MAX(1,ABS(N(AE8))),AND(K8="",AE8="")),L8=AF8,I8=AG8),"ok","CHECK") -> ok | AI8: =IF(AND(IF(AND(ISNUMBER(O8),ISNUMBER(V8)),ABS(N(O8)-N(V8))<=Settings!$B$9*MAX(1,ABS(N(V8))),AND(O8="",V8="")),IF(AND(ISNUMBER(P8),ISNUMBER(W8)),ABS(N(P8)-N(W8))<=Settings!$B$9*MAX(1,ABS(N(W8))),AND(P8="",W8="")),IF(AND(ISNUMBER(Q8),ISNUMBER(X8)),ABS(N(Q8)-N(X8))<=Settings!$B$9*MAX(1,ABS(N(X8))),AND(Q8="",X8="")),IF(AND(ISNUMBER(R8),ISNUMBER(Y8)),ABS(N(R8)-N(Y8))<=Settings!$B$9*MAX(1,ABS(N(Y8))),AND(R8="",Y8="")),T8=Z8,IF(AND(ISNUMBER(U8),ISNUMBER(AA8)),ABS(N(U8)-N(AA8))<=Settings!$B$9*MAX(1,ABS(N(AA8))),AND(U8="",AA8=""))),"ok","CHECK") -> ok | AK8: =IF(ISNUMBER(P8),1,0) -> 1 | AL8: =COUNTIFS(Runs!$B$2:$B$61,B8,Runs!$E$2:$E$61,E8,Runs!$N$2:$N$61,N8,Runs!$AK$2:$AK$61,1) -> 2 | AM8: =IF(AK8=1,AVERAGEIFS(Runs!$P$2:$P$61,Runs!$B$2:$B$61,B8,Runs!$E$2:$E$61,E8,Runs!$N$2:$N$61,N8,Runs!$AK$2:$AK$61,1),"") -> 3.8064155 | AN8: =IF(AK8=1,IF(AL8>1,(P8-AM8)^2*AL8/(AL8-1),0),0) -> 0.90027078 | AO8: =IF(ISNUMBER(R8),1,0) -> 1 | AP8: =COUNTIFS(Runs!$B$2:$B$61,B8,Runs!$E$2:$E$61,E8,Runs!$N$2:$N$61,N8,Runs!$AO$2:$AO$61,1) -> 2 | AQ8: =IF(AO8=1,AVERAGEIFS(Runs!$R$2:$R$61,Runs!$B$2:$B$61,B8,Runs!$E$2:$E$61,E8,Runs!$N$2:$N$61,N8,Runs!$AO$2:$AO$61,1),"") -> 92 | AR8: =IF(AO8=1,IF(AP8>1,(R8-AQ8)^2*AP8/(AP8-1),0),0) -> 8 | AS8: =IF(ISNUMBER(J8),1,0) -> 1 | AT8: =COUNTIFS(Runs!$B$2:$B$61,B8,Runs!$E$2:$E$61,E8,Runs!$N$2:$N$61,N8,Runs!$AS$2:$AS$61,1) -> 2 | AU8: =IF(AS8=1,AVERAGEIFS(Runs!$J$2:$J$61,Runs!$B$2:$B$61,B8,Runs!$E$2:$E$61,E8,Runs!$N$2:$N$61,N8,Runs!$AS$2:$AS$61,1),"") -> 0 | AV8: =IF(AS8=1,IF(AT8>1,(J8-AU8)^2*AT8/(AT8-1),0),0) -> 0 | AW8: =IF(ISNUMBER(Q8),1,0) -> 0 | AX8: =COUNTIFS(Runs!$B$2:$B$61,B8,Runs!$E$2:$E$61,E8,Runs!$N$2:$N$61,N8,Runs!$AW$2:$AW$61,1) -> 0 | AY8: =IF(AW8=1,AVERAGEIFS(Runs!$Q$2:$Q$61,Runs!$B$2:$B$61,B8,Runs!$E$2:$E$61,E8,Runs!$N$2:$N$61,N8,Runs!$AW$2:$AW$61,1),"") | AZ8: =IF(AW8=1,IF(AX8>1,(Q8-AY8)^2*AX8/(AX8-1),0),0) -> 0
A9: 605277 | B9: gemma-q4 | C9: kanban-board | D9: interactive | E9: off | F9: 2 | G9: finished | H9: 88 | I9: 0 | J9: 0 | L9: 0 | M9: 1 | N9: =C9&"|"&D9 -> kanban-board|interactive | O9: =IF(G9="finished",0,1) -> 0 | P9: =IF(O9=0,LN(H9),"") -> 4.4773368 | Q9: =IF(ISNUMBER(K9),IF(K9>0,LN(K9),""),"") | R9: =IF(M9=1,INDEX(Quality!$AF:$AF,MATCH(A9,Quality!$A:$A,0)),"") -> 90 | S9: =IF(R9="","",IF(T9=1,0,R9)) -> 90 | T9: =IF(M9=1,INDEX(Quality!$AG:$AG,MATCH(A9,Quality!$A:$A,0)),0) -> 0 | U9: =IF(M9=1,INDEX(Quality!$AS:$AS,MATCH(A9,Quality!$A:$A,0)),"") -> 1 | V9: 0 | W9: 4.47734 | Y9: 90 | Z9: 0 | AA9: 1 | AB9: finished | AC9: 88 | AD9: 0 | AF9: 0 | AG9: 0 | AH9: =IF(AND(G9=AB9,IF(AND(ISNUMBER(H9),ISNUMBER(AC9)),ABS(N(H9)-N(AC9))<=Settings!$B$9*MAX(1,ABS(N(AC9))),AND(H9="",AC9="")),IF(AND(ISNUMBER(J9),ISNUMBER(AD9)),ABS(N(J9)-N(AD9))<=Settings!$B$9*MAX(1,ABS(N(AD9))),AND(J9="",AD9="")),IF(AND(ISNUMBER(K9),ISNUMBER(AE9)),ABS(N(K9)-N(AE9))<=Settings!$B$9*MAX(1,ABS(N(AE9))),AND(K9="",AE9="")),L9=AF9,I9=AG9),"ok","CHECK") -> ok | AI9: =IF(AND(IF(AND(ISNUMBER(O9),ISNUMBER(V9)),ABS(N(O9)-N(V9))<=Settings!$B$9*MAX(1,ABS(N(V9))),AND(O9="",V9="")),IF(AND(ISNUMBER(P9),ISNUMBER(W9)),ABS(N(P9)-N(W9))<=Settings!$B$9*MAX(1,ABS(N(W9))),AND(P9="",W9="")),IF(AND(ISNUMBER(Q9),ISNUMBER(X9)),ABS(N(Q9)-N(X9))<=Settings!$B$9*MAX(1,ABS(N(X9))),AND(Q9="",X9="")),IF(AND(ISNUMBER(R9),ISNUMBER(Y9)),ABS(N(R9)-N(Y9))<=Settings!$B$9*MAX(1,ABS(N(Y9))),AND(R9="",Y9="")),T9=Z9,IF(AND(ISNUMBER(U9),ISNUMBER(AA9)),ABS(N(U9)-N(AA9))<=Settings!$B$9*MAX(1,ABS(N(AA9))),AND(U9="",AA9=""))),"ok","CHECK") -> ok | AK9: =IF(ISNUMBER(P9),1,0) -> 1 | AL9: =COUNTIFS(Runs!$B$2:$B$61,B9,Runs!$E$2:$E$61,E9,Runs!$N$2:$N$61,N9,Runs!$AK$2:$AK$61,1) -> 2 | AM9: =IF(AK9=1,AVERAGEIFS(Runs!$P$2:$P$61,Runs!$B$2:$B$61,B9,Runs!$E$2:$E$61,E9,Runs!$N$2:$N$61,N9,Runs!$AK$2:$AK$61,1),"") -> 3.8064155 | AN9: =IF(AK9=1,IF(AL9>1,(P9-AM9)^2*AL9/(AL9-1),0),0) -> 0.90027078 | AO9: =IF(ISNUMBER(R9),1,0) -> 1 | AP9: =COUNTIFS(Runs!$B$2:$B$61,B9,Runs!$E$2:$E$61,E9,Runs!$N$2:$N$61,N9,Runs!$AO$2:$AO$61,1) -> 2 | AQ9: =IF(AO9=1,AVERAGEIFS(Runs!$R$2:$R$61,Runs!$B$2:$B$61,B9,Runs!$E$2:$E$61,E9,Runs!$N$2:$N$61,N9,Runs!$AO$2:$AO$61,1),"") -> 92 | AR9: =IF(AO9=1,IF(AP9>1,(R9-AQ9)^2*AP9/(AP9-1),0),0) -> 8 | AS9: =IF(ISNUMBER(J9),1,0) -> 1 | AT9: =COUNTIFS(Runs!$B$2:$B$61,B9,Runs!$E$2:$E$61,E9,Runs!$N$2:$N$61,N9,Runs!$AS$2:$AS$61,1) -> 2 | AU9: =IF(AS9=1,AVERAGEIFS(Runs!$J$2:$J$61,Runs!$B$2:$B$61,B9,Runs!$E$2:$E$61,E9,Runs!$N$2:$N$61,N9,Runs!$AS$2:$AS$61,1),"") -> 0 | AV9: =IF(AS9=1,IF(AT9>1,(J9-AU9)^2*AT9/(AT9-1),0),0) -> 0 | AW9: =IF(ISNUMBER(Q9),1,0) -> 0 | AX9: =COUNTIFS(Runs!$B$2:$B$61,B9,Runs!$E$2:$E$61,E9,Runs!$N$2:$N$61,N9,Runs!$AW$2:$AW$61,1) -> 0 | AY9: =IF(AW9=1,AVERAGEIFS(Runs!$Q$2:$Q$61,Runs!$B$2:$B$61,B9,Runs!$E$2:$E$61,E9,Runs!$N$2:$N$61,N9,Runs!$AW$2:$AW$61,1),"") | AZ9: =IF(AW9=1,IF(AX9>1,(Q9-AY9)^2*AX9/(AX9-1),0),0) -> 0
A10: 780140 | B10: gemma-q4 | C10: kanban-board | D10: interactive | E10: unseen | F10: 1 | G10: budget_exhausted | H10: 72 | I10: 0 | J10: 0.75 | K10: 405.5 | L10: 0 | M10: 1 | N10: =C10&"|"&D10 -> kanban-board|interactive | O10: =IF(G10="finished",0,1) -> 1 | P10: =IF(O10=0,LN(H10),"") | Q10: =IF(ISNUMBER(K10),IF(K10>0,LN(K10),""),"") -> 6.0051209 | R10: =IF(M10=1,INDEX(Quality!$AF:$AF,MATCH(A10,Quality!$A:$A,0)),"") -> 84 | S10: =IF(R10="","",IF(T10=1,0,R10)) -> 0 | T10: =IF(M10=1,INDEX(Quality!$AG:$AG,MATCH(A10,Quality!$A:$A,0)),0) -> 1 | U10: =IF(M10=1,INDEX(Quality!$AS:$AS,MATCH(A10,Quality!$A:$A,0)),"") -> 0.5 | V10: 1 | X10: 6.00512 | Y10: 84 | Z10: 1 | AA10: 0.5 | AB10: budget_exhausted | AC10: 72 | AD10: 0.75 | AE10: 405.5 | AF10: 0 | AG10: 0 | AH10: =IF(AND(G10=AB10,IF(AND(ISNUMBER(H10),ISNUMBER(AC10)),ABS(N(H10)-N(AC10))<=Settings!$B$9*MAX(1,ABS(N(AC10))),AND(H10="",AC10="")),IF(AND(ISNUMBER(J10),ISNUMBER(AD10)),ABS(N(J10)-N(AD10))<=Settings!$B$9*MAX(1,ABS(N(AD10))),AND(J10="",AD10="")),IF(AND(ISNUMBER(K10),ISNUMBER(AE10)),ABS(N(K10)-N(AE10))<=Settings!$B$9*MAX(1,ABS(N(AE10))),AND(K10="",AE10="")),L10=AF10,I10=AG10),"ok","CHECK") -> ok | AI10: =IF(AND(IF(AND(ISNUMBER(O10),ISNUMBER(V10)),ABS(N(O10)-N(V10))<=Settings!$B$9*MAX(1,ABS(N(V10))),AND(O10="",V10="")),IF(AND(ISNUMBER(P10),ISNUMBER(W10)),ABS(N(P10)-N(W10))<=Settings!$B$9*MAX(1,ABS(N(W10))),AND(P10="",W10="")),IF(AND(ISNUMBER(Q10),ISNUMBER(X10)),ABS(N(Q10)-N(X10))<=Settings!$B$9*MAX(1,ABS(N(X10))),AND(Q10="",X10="")),IF(AND(ISNUMBER(R10),ISNUMBER(Y10)),ABS(N(R10)-N(Y10))<=Settings!$B$9*MAX(1,ABS(N(Y10))),AND(R10="",Y10="")),T10=Z10,IF(AND(ISNUMBER(U10),ISNUMBER(AA10)),ABS(N(U10)-N(AA10))<=Settings!$B$9*MAX(1,ABS(N(AA10))),AND(U10="",AA10=""))),"ok","CHECK") -> ok | AK10: =IF(ISNUMBER(P10),1,0) -> 0 | AL10: =COUNTIFS(Runs!$B$2:$B$61,B10,Runs!$E$2:$E$61,E10,Runs!$N$2:$N$61,N10,Runs!$AK$2:$AK$61,1) -> 1 | AM10: =IF(AK10=1,AVERAGEIFS(Runs!$P$2:$P$61,Runs!$B$2:$B$61,B10,Runs!$E$2:$E$61,E10,Runs!$N$2:$N$61,N10,Runs!$AK$2:$AK$61,1),"") | AN10: =IF(AK10=1,IF(AL10>1,(P10-AM10)^2*AL10/(AL10-1),0),0) -> 0 | AO10: =IF(ISNUMBER(R10),1,0) -> 1 | AP10: =COUNTIFS(Runs!$B$2:$B$61,B10,Runs!$E$2:$E$61,E10,Runs!$N$2:$N$61,N10,Runs!$AO$2:$AO$61,1) -> 2 | AQ10: =IF(AO10=1,AVERAGEIFS(Runs!$R$2:$R$61,Runs!$B$2:$B$61,B10,Runs!$E$2:$E$61,E10,Runs!$N$2:$N$61,N10,Runs!$AO$2:$AO$61,1),"") -> 87 | AR10: =IF(AO10=1,IF(AP10>1,(R10-AQ10)^2*AP10/(AP10-1),0),0) -> 18 | AS10: =IF(ISNUMBER(J10),1,0) -> 1 | AT10: =COUNTIFS(Runs!$B$2:$B$61,B10,Runs!$E$2:$E$61,E10,Runs!$N$2:$N$61,N10,Runs!$AS$2:$AS$61,1) -> 2 | AU10: =IF(AS10=1,AVERAGEIFS(Runs!$J$2:$J$61,Runs!$B$2:$B$61,B10,Runs!$E$2:$E$61,E10,Runs!$N$2:$N$61,N10,Runs!$AS$2:$AS$61,1),"") -> 0.7083335 | AV10: =IF(AS10=1,IF(AT10>1,(J10-AU10)^2*AT10/(AT10-1),0),0) -> 0.0034721944 | AW10: =IF(ISNUMBER(Q10),1,0) -> 1 | AX10: =COUNTIFS(Runs!$B$2:$B$61,B10,Runs!$E$2:$E$61,E10,Runs!$N$2:$N$61,N10,Runs!$AW$2:$AW$61,1) -> 2 | AY10: =IF(AW10=1,AVERAGEIFS(Runs!$Q$2:$Q$61,Runs!$B$2:$B$61,B10,Runs!$E$2:$E$61,E10,Runs!$N$2:$N$61,N10,Runs!$AW$2:$AW$61,1),"") -> 5.9849924 | AZ10: =IF(AW10=1,IF(AX10>1,(Q10-AY10)^2*AX10/(AX10-1),0),0) -> 0.00081031336
A11: 705500 | B11: gemma-q4 | C11: kanban-board | D11: interactive | E11: unseen | F11: 2 | G11: finished | H11: 27 | I11: 0 | J11: 0.666667 | K11: 389.5 | L11: 0 | M11: 1 | N11: =C11&"|"&D11 -> kanban-board|interactive | O11: =IF(G11="finished",0,1) -> 0 | P11: =IF(O11=0,LN(H11),"") -> 3.2958369 | Q11: =IF(ISNUMBER(K11),IF(K11>0,LN(K11),""),"") -> 5.9648639 | R11: =IF(M11=1,INDEX(Quality!$AF:$AF,MATCH(A11,Quality!$A:$A,0)),"") -> 90 | S11: =IF(R11="","",IF(T11=1,0,R11)) -> 90 | T11: =IF(M11=1,INDEX(Quality!$AG:$AG,MATCH(A11,Quality!$A:$A,0)),0) -> 0 | U11: =IF(M11=1,INDEX(Quality!$AS:$AS,MATCH(A11,Quality!$A:$A,0)),"") -> 0.6 | V11: 0 | W11: 3.29584 | X11: 5.96486 | Y11: 90 | Z11: 0 | AA11: 0.6 | AB11: finished | AC11: 27 | AD11: 0.66666667 | AE11: 389.5 | AF11: 0 | AG11: 0 | AH11: =IF(AND(G11=AB11,IF(AND(ISNUMBER(H11),ISNUMBER(AC11)),ABS(N(H11)-N(AC11))<=Settings!$B$9*MAX(1,ABS(N(AC11))),AND(H11="",AC11="")),IF(AND(ISNUMBER(J11),ISNUMBER(AD11)),ABS(N(J11)-N(AD11))<=Settings!$B$9*MAX(1,ABS(N(AD11))),AND(J11="",AD11="")),IF(AND(ISNUMBER(K11),ISNUMBER(AE11)),ABS(N(K11)-N(AE11))<=Settings!$B$9*MAX(1,ABS(N(AE11))),AND(K11="",AE11="")),L11=AF11,I11=AG11),"ok","CHECK") -> ok | AI11: =IF(AND(IF(AND(ISNUMBER(O11),ISNUMBER(V11)),ABS(N(O11)-N(V11))<=Settings!$B$9*MAX(1,ABS(N(V11))),AND(O11="",V11="")),IF(AND(ISNUMBER(P11),ISNUMBER(W11)),ABS(N(P11)-N(W11))<=Settings!$B$9*MAX(1,ABS(N(W11))),AND(P11="",W11="")),IF(AND(ISNUMBER(Q11),ISNUMBER(X11)),ABS(N(Q11)-N(X11))<=Settings!$B$9*MAX(1,ABS(N(X11))),AND(Q11="",X11="")),IF(AND(ISNUMBER(R11),ISNUMBER(Y11)),ABS(N(R11)-N(Y11))<=Settings!$B$9*MAX(1,ABS(N(Y11))),AND(R11="",Y11="")),T11=Z11,IF(AND(ISNUMBER(U11),ISNUMBER(AA11)),ABS(N(U11)-N(AA11))<=Settings!$B$9*MAX(1,ABS(N(AA11))),AND(U11="",AA11=""))),"ok","CHECK") -> ok | AK11: =IF(ISNUMBER(P11),1,0) -> 1 | AL11: =COUNTIFS(Runs!$B$2:$B$61,B11,Runs!$E$2:$E$61,E11,Runs!$N$2:$N$61,N11,Runs!$AK$2:$AK$61,1) -> 1 | AM11: =IF(AK11=1,AVERAGEIFS(Runs!$P$2:$P$61,Runs!$B$2:$B$61,B11,Runs!$E$2:$E$61,E11,Runs!$N$2:$N$61,N11,Runs!$AK$2:$AK$61,1),"") -> 3.2958369 | AN11: =IF(AK11=1,IF(AL11>1,(P11-AM11)^2*AL11/(AL11-1),0),0) -> 0 | AO11: =IF(ISNUMBER(R11),1,0) -> 1 | AP11: =COUNTIFS(Runs!$B$2:$B$61,B11,Runs!$E$2:$E$61,E11,Runs!$N$2:$N$61,N11,Runs!$AO$2:$AO$61,1) -> 2 | AQ11: =IF(AO11=1,AVERAGEIFS(Runs!$R$2:$R$61,Runs!$B$2:$B$61,B11,Runs!$E$2:$E$61,E11,Runs!$N$2:$N$61,N11,Runs!$AO$2:$AO$61,1),"") -> 87 | AR11: =IF(AO11=1,IF(AP11>1,(R11-AQ11)^2*AP11/(AP11-1),0),0) -> 18 | AS11: =IF(ISNUMBER(J11),1,0) -> 1 | AT11: =COUNTIFS(Runs!$B$2:$B$61,B11,Runs!$E$2:$E$61,E11,Runs!$N$2:$N$61,N11,Runs!$AS$2:$AS$61,1) -> 2 | AU11: =IF(AS11=1,AVERAGEIFS(Runs!$J$2:$J$61,Runs!$B$2:$B$61,B11,Runs!$E$2:$E$61,E11,Runs!$N$2:$N$61,N11,Runs!$AS$2:$AS$61,1),"") -> 0.7083335 | AV11: =IF(AS11=1,IF(AT11>1,(J11-AU11)^2*AT11/(AT11-1),0),0) -> 0.0034721944 | AW11: =IF(ISNUMBER(Q11),1,0) -> 1 | AX11: =COUNTIFS(Runs!$B$2:$B$61,B11,Runs!$E$2:$E$61,E11,Runs!$N$2:$N$61,N11,Runs!$AW$2:$AW$61,1) -> 2 | AY11: =IF(AW11=1,AVERAGEIFS(Runs!$Q$2:$Q$61,Runs!$B$2:$B$61,B11,Runs!$E$2:$E$61,E11,Runs!$N$2:$N$61,N11,Runs!$AW$2:$AW$61,1),"") -> 5.9849924 | AZ11: =IF(AW11=1,IF(AX11>1,(Q11-AY11)^2*AX11/(AX11-1),0),0) -> 0.00081031336
A12: 284989 | B12: gemma-q4 | C12: kanban-board | D12: interactive | E12: seen | F12: 1 | G12: finished | H12: 47 | I12: 1 | J12: 0.978723 | K12: 155.5 | L12: 0 | M12: 1 | N12: =C12&"|"&D12 -> kanban-board|interactive | O12: =IF(G12="finished",0,1) -> 0 | P12: =IF(O12=0,LN(H12),"") -> 3.8501476 | Q12: =IF(ISNUMBER(K12),IF(K12>0,LN(K12),""),"") -> 5.0466457 | R12: =IF(M12=1,INDEX(Quality!$AF:$AF,MATCH(A12,Quality!$A:$A,0)),"") -> 90 | S12: =IF(R12="","",IF(T12=1,0,R12)) -> 90 | T12: =IF(M12=1,INDEX(Quality!$AG:$AG,MATCH(A12,Quality!$A:$A,0)),0) -> 0 | U12: =IF(M12=1,INDEX(Quality!$AS:$AS,MATCH(A12,Quality!$A:$A,0)),"") -> 0.9 | V12: 0 | W12: 3.85015 | X12: 5.04665 | Y12: 90 | Z12: 0 | AA12: 0.9 | AB12: finished | AC12: 47 | AD12: 0.9787234 | AE12: 155.5 | AF12: 0 | AG12: 1 | AH12: =IF(AND(G12=AB12,IF(AND(ISNUMBER(H12),ISNUMBER(AC12)),ABS(N(H12)-N(AC12))<=Settings!$B$9*MAX(1,ABS(N(AC12))),AND(H12="",AC12="")),IF(AND(ISNUMBER(J12),ISNUMBER(AD12)),ABS(N(J12)-N(AD12))<=Settings!$B$9*MAX(1,ABS(N(AD12))),AND(J12="",AD12="")),IF(AND(ISNUMBER(K12),ISNUMBER(AE12)),ABS(N(K12)-N(AE12))<=Settings!$B$9*MAX(1,ABS(N(AE12))),AND(K12="",AE12="")),L12=AF12,I12=AG12),"ok","CHECK") -> ok | AI12: =IF(AND(IF(AND(ISNUMBER(O12),ISNUMBER(V12)),ABS(N(O12)-N(V12))<=Settings!$B$9*MAX(1,ABS(N(V12))),AND(O12="",V12="")),IF(AND(ISNUMBER(P12),ISNUMBER(W12)),ABS(N(P12)-N(W12))<=Settings!$B$9*MAX(1,ABS(N(W12))),AND(P12="",W12="")),IF(AND(ISNUMBER(Q12),ISNUMBER(X12)),ABS(N(Q12)-N(X12))<=Settings!$B$9*MAX(1,ABS(N(X12))),AND(Q12="",X12="")),IF(AND(ISNUMBER(R12),ISNUMBER(Y12)),ABS(N(R12)-N(Y12))<=Settings!$B$9*MAX(1,ABS(N(Y12))),AND(R12="",Y12="")),T12=Z12,IF(AND(ISNUMBER(U12),ISNUMBER(AA12)),ABS(N(U12)-N(AA12))<=Settings!$B$9*MAX(1,ABS(N(AA12))),AND(U12="",AA12=""))),"ok","CHECK") -> ok | AK12: =IF(ISNUMBER(P12),1,0) -> 1 | AL12: =COUNTIFS(Runs!$B$2:$B$61,B12,Runs!$E$2:$E$61,E12,Runs!$N$2:$N$61,N12,Runs!$AK$2:$AK$61,1) -> 2 | AM12: =IF(AK12=1,AVERAGEIFS(Runs!$P$2:$P$61,Runs!$B$2:$B$61,B12,Runs!$E$2:$E$61,E12,Runs!$N$2:$N$61,N12,Runs!$AK$2:$AK$61,1),"") -> 3.8810853 | AN12: =IF(AK12=1,IF(AL12>1,(P12-AM12)^2*AL12/(AL12-1),0),0) -> 0.0019142828 | AO12: =IF(ISNUMBER(R12),1,0) -> 1 | AP12: =COUNTIFS(Runs!$B$2:$B$61,B12,Runs!$E$2:$E$61,E12,Runs!$N$2:$N$61,N12,Runs!$AO$2:$AO$61,1) -> 2 | AQ12: =IF(AO12=1,AVERAGEIFS(Runs!$R$2:$R$61,Runs!$B$2:$B$61,B12,Runs!$E$2:$E$61,E12,Runs!$N$2:$N$61,N12,Runs!$AO$2:$AO$61,1),"") -> 52 | AR12: =IF(AO12=1,IF(AP12>1,(R12-AQ12)^2*AP12/(AP12-1),0),0) -> 2888 | AS12: =IF(ISNUMBER(J12),1,0) -> 1 | AT12: =COUNTIFS(Runs!$B$2:$B$61,B12,Runs!$E$2:$E$61,E12,Runs!$N$2:$N$61,N12,Runs!$AS$2:$AS$61,1) -> 2 | AU12: =IF(AS12=1,AVERAGEIFS(Runs!$J$2:$J$61,Runs!$B$2:$B$61,B12,Runs!$E$2:$E$61,E12,Runs!$N$2:$N$61,N12,Runs!$AS$2:$AS$61,1),"") -> 0.9793615 | AV12: =IF(AS12=1,IF(AT12>1,(J12-AU12)^2*AT12/(AT12-1),0),0) -> 8.153645e-07 | AW12: =IF(ISNUMBER(Q12),1,0) -> 1 | AX12: =COUNTIFS(Runs!$B$2:$B$61,B12,Runs!$E$2:$E$61,E12,Runs!$N$2:$N$61,N12,Runs!$AW$2:$AW$61,1) -> 2 | AY12: =IF(AW12=1,AVERAGEIFS(Runs!$Q$2:$Q$61,Runs!$B$2:$B$61,B12,Runs!$E$2:$E$61,E12,Runs!$N$2:$N$61,N12,Runs!$AW$2:$AW$61,1),"") -> 4.9334636 | AZ12: =IF(AW12=1,IF(AX12>1,(Q12-AY12)^2*AX12/(AX12-1),0),0) -> 0.025620368
A13: 106538 | B13: gemma-q4 | C13: kanban-board | D13: interactive | E13: seen | F13: 2 | G13: finished | H13: 50 | I13: 0 | J13: 0.98 | K13: 124 | L13: 0 | M13: 1 | N13: =C13&"|"&D13 -> kanban-board|interactive | O13: =IF(G13="finished",0,1) -> 0 | P13: =IF(O13=0,LN(H13),"") -> 3.912023 | Q13: =IF(ISNUMBER(K13),IF(K13>0,LN(K13),""),"") -> 4.8202816 | R13: =IF(M13=1,INDEX(Quality!$AF:$AF,MATCH(A13,Quality!$A:$A,0)),"") -> 14 | S13: =IF(R13="","",IF(T13=1,0,R13)) -> 14 | T13: =IF(M13=1,INDEX(Quality!$AG:$AG,MATCH(A13,Quality!$A:$A,0)),0) -> 0 | U13: =IF(M13=1,INDEX(Quality!$AS:$AS,MATCH(A13,Quality!$A:$A,0)),"") -> 0.6 | V13: 0 | W13: 3.91202 | X13: 4.82028 | Y13: 14 | Z13: 0 | AA13: 0.6 | AB13: finished | AC13: 50 | AD13: 0.98 | AE13: 124 | AF13: 0 | AG13: 0 | AH13: =IF(AND(G13=AB13,IF(AND(ISNUMBER(H13),ISNUMBER(AC13)),ABS(N(H13)-N(AC13))<=Settings!$B$9*MAX(1,ABS(N(AC13))),AND(H13="",AC13="")),IF(AND(ISNUMBER(J13),ISNUMBER(AD13)),ABS(N(J13)-N(AD13))<=Settings!$B$9*MAX(1,ABS(N(AD13))),AND(J13="",AD13="")),IF(AND(ISNUMBER(K13),ISNUMBER(AE13)),ABS(N(K13)-N(AE13))<=Settings!$B$9*MAX(1,ABS(N(AE13))),AND(K13="",AE13="")),L13=AF13,I13=AG13),"ok","CHECK") -> ok | AI13: =IF(AND(IF(AND(ISNUMBER(O13),ISNUMBER(V13)),ABS(N(O13)-N(V13))<=Settings!$B$9*MAX(1,ABS(N(V13))),AND(O13="",V13="")),IF(AND(ISNUMBER(P13),ISNUMBER(W13)),ABS(N(P13)-N(W13))<=Settings!$B$9*MAX(1,ABS(N(W13))),AND(P13="",W13="")),IF(AND(ISNUMBER(Q13),ISNUMBER(X13)),ABS(N(Q13)-N(X13))<=Settings!$B$9*MAX(1,ABS(N(X13))),AND(Q13="",X13="")),IF(AND(ISNUMBER(R13),ISNUMBER(Y13)),ABS(N(R13)-N(Y13))<=Settings!$B$9*MAX(1,ABS(N(Y13))),AND(R13="",Y13="")),T13=Z13,IF(AND(ISNUMBER(U13),ISNUMBER(AA13)),ABS(N(U13)-N(AA13))<=Settings!$B$9*MAX(1,ABS(N(AA13))),AND(U13="",AA13=""))),"ok","CHECK") -> ok | AK13: =IF(ISNUMBER(P13),1,0) -> 1 | AL13: =COUNTIFS(Runs!$B$2:$B$61,B13,Runs!$E$2:$E$61,E13,Runs!$N$2:$N$61,N13,Runs!$AK$2:$AK$61,1) -> 2 | AM13: =IF(AK13=1,AVERAGEIFS(Runs!$P$2:$P$61,Runs!$B$2:$B$61,B13,Runs!$E$2:$E$61,E13,Runs!$N$2:$N$61,N13,Runs!$AK$2:$AK$61,1),"") -> 3.8810853 | AN13: =IF(AK13=1,IF(AL13>1,(P13-AM13)^2*AL13/(AL13-1),0),0) -> 0.0019142828 | AO13: =IF(ISNUMBER(R13),1,0) -> 1 | AP13: =COUNTIFS(Runs!$B$2:$B$61,B13,Runs!$E$2:$E$61,E13,Runs!$N$2:$N$61,N13,Runs!$AO$2:$AO$61,1) -> 2 | AQ13: =IF(AO13=1,AVERAGEIFS(Runs!$R$2:$R$61,Runs!$B$2:$B$61,B13,Runs!$E$2:$E$61,E13,Runs!$N$2:$N$61,N13,Runs!$AO$2:$AO$61,1),"") -> 52 | AR13: =IF(AO13=1,IF(AP13>1,(R13-AQ13)^2*AP13/(AP13-1),0),0) -> 2888 | AS13: =IF(ISNUMBER(J13),1,0) -> 1 | AT13: =COUNTIFS(Runs!$B$2:$B$61,B13,Runs!$E$2:$E$61,E13,Runs!$N$2:$N$61,N13,Runs!$AS$2:$AS$61,1) -> 2 | AU13: =IF(AS13=1,AVERAGEIFS(Runs!$J$2:$J$61,Runs!$B$2:$B$61,B13,Runs!$E$2:$E$61,E13,Runs!$N$2:$N$61,N13,Runs!$AS$2:$AS$61,1),"") -> 0.9793615 | AV13: =IF(AS13=1,IF(AT13>1,(J13-AU13)^2*AT13/(AT13-1),0),0) -> 8.153645e-07 | AW13: =IF(ISNUMBER(Q13),1,0) -> 1 | AX13: =COUNTIFS(Runs!$B$2:$B$61,B13,Runs!$E$2:$E$61,E13,Runs!$N$2:$N$61,N13,Runs!$AW$2:$AW$61,1) -> 2 | AY13: =IF(AW13=1,AVERAGEIFS(Runs!$Q$2:$Q$61,Runs!$B$2:$B$61,B13,Runs!$E$2:$E$61,E13,Runs!$N$2:$N$61,N13,Runs!$AW$2:$AW$61,1),"") -> 4.9334636 | AZ13: =IF(AW13=1,IF(AX13>1,(Q13-AY13)^2*AX13/(AX13-1),0),0) -> 0.025620368
A14: 496239 | B14: gemma-q4 | C14: kanban-board | D14: no_verification | E14: off | F14: 1 | G14: finished | H14: 99 | I14: 0 | J14: 0 | L14: 1 | M14: 1 | N14: =C14&"|"&D14 -> kanban-board|no_verification | O14: =IF(G14="finished",0,1) -> 0 | P14: =IF(O14=0,LN(H14),"") -> 4.5951199 | Q14: =IF(ISNUMBER(K14),IF(K14>0,LN(K14),""),"") | R14: =IF(M14=1,INDEX(Quality!$AF:$AF,MATCH(A14,Quality!$A:$A,0)),"") -> 6 | S14: =IF(R14="","",IF(T14=1,0,R14)) -> 6 | T14: =IF(M14=1,INDEX(Quality!$AG:$AG,MATCH(A14,Quality!$A:$A,0)),0) -> 0 | U14: =IF(M14=1,INDEX(Quality!$AS:$AS,MATCH(A14,Quality!$A:$A,0)),"") -> 0.6 | V14: 0 | W14: 4.59512 | Y14: 6 | Z14: 0 | AA14: 0.6 | AB14: finished | AC14: 99 | AD14: 0 | AF14: 1 | AG14: 0 | AH14: =IF(AND(G14=AB14,IF(AND(ISNUMBER(H14),ISNUMBER(AC14)),ABS(N(H14)-N(AC14))<=Settings!$B$9*MAX(1,ABS(N(AC14))),AND(H14="",AC14="")),IF(AND(ISNUMBER(J14),ISNUMBER(AD14)),ABS(N(J14)-N(AD14))<=Settings!$B$9*MAX(1,ABS(N(AD14))),AND(J14="",AD14="")),IF(AND(ISNUMBER(K14),ISNUMBER(AE14)),ABS(N(K14)-N(AE14))<=Settings!$B$9*MAX(1,ABS(N(AE14))),AND(K14="",AE14="")),L14=AF14,I14=AG14),"ok","CHECK") -> ok | AI14: =IF(AND(IF(AND(ISNUMBER(O14),ISNUMBER(V14)),ABS(N(O14)-N(V14))<=Settings!$B$9*MAX(1,ABS(N(V14))),AND(O14="",V14="")),IF(AND(ISNUMBER(P14),ISNUMBER(W14)),ABS(N(P14)-N(W14))<=Settings!$B$9*MAX(1,ABS(N(W14))),AND(P14="",W14="")),IF(AND(ISNUMBER(Q14),ISNUMBER(X14)),ABS(N(Q14)-N(X14))<=Settings!$B$9*MAX(1,ABS(N(X14))),AND(Q14="",X14="")),IF(AND(ISNUMBER(R14),ISNUMBER(Y14)),ABS(N(R14)-N(Y14))<=Settings!$B$9*MAX(1,ABS(N(Y14))),AND(R14="",Y14="")),T14=Z14,IF(AND(ISNUMBER(U14),ISNUMBER(AA14)),ABS(N(U14)-N(AA14))<=Settings!$B$9*MAX(1,ABS(N(AA14))),AND(U14="",AA14=""))),"ok","CHECK") -> ok | AK14: =IF(ISNUMBER(P14),1,0) -> 1 | AL14: =COUNTIFS(Runs!$B$2:$B$61,B14,Runs!$E$2:$E$61,E14,Runs!$N$2:$N$61,N14,Runs!$AK$2:$AK$61,1) -> 1 | AM14: =IF(AK14=1,AVERAGEIFS(Runs!$P$2:$P$61,Runs!$B$2:$B$61,B14,Runs!$E$2:$E$61,E14,Runs!$N$2:$N$61,N14,Runs!$AK$2:$AK$61,1),"") -> 4.5951199 | AN14: =IF(AK14=1,IF(AL14>1,(P14-AM14)^2*AL14/(AL14-1),0),0) -> 0 | AO14: =IF(ISNUMBER(R14),1,0) -> 1 | AP14: =COUNTIFS(Runs!$B$2:$B$61,B14,Runs!$E$2:$E$61,E14,Runs!$N$2:$N$61,N14,Runs!$AO$2:$AO$61,1) -> 2 | AQ14: =IF(AO14=1,AVERAGEIFS(Runs!$R$2:$R$61,Runs!$B$2:$B$61,B14,Runs!$E$2:$E$61,E14,Runs!$N$2:$N$61,N14,Runs!$AO$2:$AO$61,1),"") -> 5 | AR14: =IF(AO14=1,IF(AP14>1,(R14-AQ14)^2*AP14/(AP14-1),0),0) -> 2 | AS14: =IF(ISNUMBER(J14),1,0) -> 1 | AT14: =COUNTIFS(Runs!$B$2:$B$61,B14,Runs!$E$2:$E$61,E14,Runs!$N$2:$N$61,N14,Runs!$AS$2:$AS$61,1) -> 2 | AU14: =IF(AS14=1,AVERAGEIFS(Runs!$J$2:$J$61,Runs!$B$2:$B$61,B14,Runs!$E$2:$E$61,E14,Runs!$N$2:$N$61,N14,Runs!$AS$2:$AS$61,1),"") -> 0 | AV14: =IF(AS14=1,IF(AT14>1,(J14-AU14)^2*AT14/(AT14-1),0),0) -> 0 | AW14: =IF(ISNUMBER(Q14),1,0) -> 0 | AX14: =COUNTIFS(Runs!$B$2:$B$61,B14,Runs!$E$2:$E$61,E14,Runs!$N$2:$N$61,N14,Runs!$AW$2:$AW$61,1) -> 0 | AY14: =IF(AW14=1,AVERAGEIFS(Runs!$Q$2:$Q$61,Runs!$B$2:$B$61,B14,Runs!$E$2:$E$61,E14,Runs!$N$2:$N$61,N14,Runs!$AW$2:$AW$61,1),"") | AZ14: =IF(AW14=1,IF(AX14>1,(Q14-AY14)^2*AX14/(AX14-1),0),0) -> 0
A15: 153476 | B15: gemma-q4 | C15: kanban-board | D15: no_verification | E15: off | F15: 2 | G15: truncated_tool_args | H15: 98 | I15: 0 | J15: 0 | L15: 0 | M15: 1 | N15: =C15&"|"&D15 -> kanban-board|no_verification | O15: =IF(G15="finished",0,1) -> 1 | P15: =IF(O15=0,LN(H15),"") | Q15: =IF(ISNUMBER(K15),IF(K15>0,LN(K15),""),"") | R15: =IF(M15=1,INDEX(Quality!$AF:$AF,MATCH(A15,Quality!$A:$A,0)),"") -> 4 | S15: =IF(R15="","",IF(T15=1,0,R15)) -> 4 | T15: =IF(M15=1,INDEX(Quality!$AG:$AG,MATCH(A15,Quality!$A:$A,0)),0) -> 0 | U15: =IF(M15=1,INDEX(Quality!$AS:$AS,MATCH(A15,Quality!$A:$A,0)),"") -> 0.7 | V15: 1 | Y15: 4 | Z15: 0 | AA15: 0.7 | AB15: truncated_tool_args | AC15: 98 | AD15: 0 | AF15: 0 | AG15: 0 | AH15: =IF(AND(G15=AB15,IF(AND(ISNUMBER(H15),ISNUMBER(AC15)),ABS(N(H15)-N(AC15))<=Settings!$B$9*MAX(1,ABS(N(AC15))),AND(H15="",AC15="")),IF(AND(ISNUMBER(J15),ISNUMBER(AD15)),ABS(N(J15)-N(AD15))<=Settings!$B$9*MAX(1,ABS(N(AD15))),AND(J15="",AD15="")),IF(AND(ISNUMBER(K15),ISNUMBER(AE15)),ABS(N(K15)-N(AE15))<=Settings!$B$9*MAX(1,ABS(N(AE15))),AND(K15="",AE15="")),L15=AF15,I15=AG15),"ok","CHECK") -> ok | AI15: =IF(AND(IF(AND(ISNUMBER(O15),ISNUMBER(V15)),ABS(N(O15)-N(V15))<=Settings!$B$9*MAX(1,ABS(N(V15))),AND(O15="",V15="")),IF(AND(ISNUMBER(P15),ISNUMBER(W15)),ABS(N(P15)-N(W15))<=Settings!$B$9*MAX(1,ABS(N(W15))),AND(P15="",W15="")),IF(AND(ISNUMBER(Q15),ISNUMBER(X15)),ABS(N(Q15)-N(X15))<=Settings!$B$9*MAX(1,ABS(N(X15))),AND(Q15="",X15="")),IF(AND(ISNUMBER(R15),ISNUMBER(Y15)),ABS(N(R15)-N(Y15))<=Settings!$B$9*MAX(1,ABS(N(Y15))),AND(R15="",Y15="")),T15=Z15,IF(AND(ISNUMBER(U15),ISNUMBER(AA15)),ABS(N(U15)-N(AA15))<=Settings!$B$9*MAX(1,ABS(N(AA15))),AND(U15="",AA15=""))),"ok","CHECK") -> ok | AK15: =IF(ISNUMBER(P15),1,0) -> 0 | AL15: =COUNTIFS(Runs!$B$2:$B$61,B15,Runs!$E$2:$E$61,E15,Runs!$N$2:$N$61,N15,Runs!$AK$2:$AK$61,1) -> 1 | AM15: =IF(AK15=1,AVERAGEIFS(Runs!$P$2:$P$61,Runs!$B$2:$B$61,B15,Runs!$E$2:$E$61,E15,Runs!$N$2:$N$61,N15,Runs!$AK$2:$AK$61,1),"") | AN15: =IF(AK15=1,IF(AL15>1,(P15-AM15)^2*AL15/(AL15-1),0),0) -> 0 | AO15: =IF(ISNUMBER(R15),1,0) -> 1 | AP15: =COUNTIFS(Runs!$B$2:$B$61,B15,Runs!$E$2:$E$61,E15,Runs!$N$2:$N$61,N15,Runs!$AO$2:$AO$61,1) -> 2 | AQ15: =IF(AO15=1,AVERAGEIFS(Runs!$R$2:$R$61,Runs!$B$2:$B$61,B15,Runs!$E$2:$E$61,E15,Runs!$N$2:$N$61,N15,Runs!$AO$2:$AO$61,1),"") -> 5 | AR15: =IF(AO15=1,IF(AP15>1,(R15-AQ15)^2*AP15/(AP15-1),0),0) -> 2 | AS15: =IF(ISNUMBER(J15),1,0) -> 1 | AT15: =COUNTIFS(Runs!$B$2:$B$61,B15,Runs!$E$2:$E$61,E15,Runs!$N$2:$N$61,N15,Runs!$AS$2:$AS$61,1) -> 2 | AU15: =IF(AS15=1,AVERAGEIFS(Runs!$J$2:$J$61,Runs!$B$2:$B$61,B15,Runs!$E$2:$E$61,E15,Runs!$N$2:$N$61,N15,Runs!$AS$2:$AS$61,1),"") -> 0 | AV15: =IF(AS15=1,IF(AT15>1,(J15-AU15)^2*AT15/(AT15-1),0),0) -> 0 | AW15: =IF(ISNUMBER(Q15),1,0) -> 0 | AX15: =COUNTIFS(Runs!$B$2:$B$61,B15,Runs!$E$2:$E$61,E15,Runs!$N$2:$N$61,N15,Runs!$AW$2:$AW$61,1) -> 0 | AY15: =IF(AW15=1,AVERAGEIFS(Runs!$Q$2:$Q$61,Runs!$B$2:$B$61,B15,Runs!$E$2:$E$61,E15,Runs!$N$2:$N$61,N15,Runs!$AW$2:$AW$61,1),"") | AZ15: =IF(AW15=1,IF(AX15>1,(Q15-AY15)^2*AX15/(AX15-1),0),0) -> 0
A16: 978461 | B16: gemma-q4 | C16: kanban-board | D16: no_verification | E16: unseen | F16: 1 | G16: truncated_no_tool_call | H16: 80 | I16: 1 | J16: 0.6875 | K16: 383 | L16: 1 | M16: 1 | N16: =C16&"|"&D16 -> kanban-board|no_verification | O16: =IF(G16="finished",0,1) -> 1 | P16: =IF(O16=0,LN(H16),"") | Q16: =IF(ISNUMBER(K16),IF(K16>0,LN(K16),""),"") -> 5.948035 | R16: =IF(M16=1,INDEX(Quality!$AF:$AF,MATCH(A16,Quality!$A:$A,0)),"") -> 84 | S16: =IF(R16="","",IF(T16=1,0,R16)) -> 84 | T16: =IF(M16=1,INDEX(Quality!$AG:$AG,MATCH(A16,Quality!$A:$A,0)),0) -> 0 | U16: =IF(M16=1,INDEX(Quality!$AS:$AS,MATCH(A16,Quality!$A:$A,0)),"") -> 0.8 | V16: 1 | X16: 5.94803 | Y16: 84 | Z16: 0 | AA16: 0.8 | AB16: truncated_no_tool_call | AC16: 80 | AD16: 0.6875 | AE16: 383 | AF16: 1 | AG16: 1 | AH16: =IF(AND(G16=AB16,IF(AND(ISNUMBER(H16),ISNUMBER(AC16)),ABS(N(H16)-N(AC16))<=Settings!$B$9*MAX(1,ABS(N(AC16))),AND(H16="",AC16="")),IF(AND(ISNUMBER(J16),ISNUMBER(AD16)),ABS(N(J16)-N(AD16))<=Settings!$B$9*MAX(1,ABS(N(AD16))),AND(J16="",AD16="")),IF(AND(ISNUMBER(K16),ISNUMBER(AE16)),ABS(N(K16)-N(AE16))<=Settings!$B$9*MAX(1,ABS(N(AE16))),AND(K16="",AE16="")),L16=AF16,I16=AG16),"ok","CHECK") -> ok | AI16: =IF(AND(IF(AND(ISNUMBER(O16),ISNUMBER(V16)),ABS(N(O16)-N(V16))<=Settings!$B$9*MAX(1,ABS(N(V16))),AND(O16="",V16="")),IF(AND(ISNUMBER(P16),ISNUMBER(W16)),ABS(N(P16)-N(W16))<=Settings!$B$9*MAX(1,ABS(N(W16))),AND(P16="",W16="")),IF(AND(ISNUMBER(Q16),ISNUMBER(X16)),ABS(N(Q16)-N(X16))<=Settings!$B$9*MAX(1,ABS(N(X16))),AND(Q16="",X16="")),IF(AND(ISNUMBER(R16),ISNUMBER(Y16)),ABS(N(R16)-N(Y16))<=Settings!$B$9*MAX(1,ABS(N(Y16))),AND(R16="",Y16="")),T16=Z16,IF(AND(ISNUMBER(U16),ISNUMBER(AA16)),ABS(N(U16)-N(AA16))<=Settings!$B$9*MAX(1,ABS(N(AA16))),AND(U16="",AA16=""))),"ok","CHECK") -> ok | AK16: =IF(ISNUMBER(P16),1,0) -> 0 | AL16: =COUNTIFS(Runs!$B$2:$B$61,B16,Runs!$E$2:$E$61,E16,Runs!$N$2:$N$61,N16,Runs!$AK$2:$AK$61,1) -> 0 | AM16: =IF(AK16=1,AVERAGEIFS(Runs!$P$2:$P$61,Runs!$B$2:$B$61,B16,Runs!$E$2:$E$61,E16,Runs!$N$2:$N$61,N16,Runs!$AK$2:$AK$61,1),"") | AN16: =IF(AK16=1,IF(AL16>1,(P16-AM16)^2*AL16/(AL16-1),0),0) -> 0 | AO16: =IF(ISNUMBER(R16),1,0) -> 1 | AP16: =COUNTIFS(Runs!$B$2:$B$61,B16,Runs!$E$2:$E$61,E16,Runs!$N$2:$N$61,N16,Runs!$AO$2:$AO$61,1) -> 2 | AQ16: =IF(AO16=1,AVERAGEIFS(Runs!$R$2:$R$61,Runs!$B$2:$B$61,B16,Runs!$E$2:$E$61,E16,Runs!$N$2:$N$61,N16,Runs!$AO$2:$AO$61,1),"") -> 44 | AR16: =IF(AO16=1,IF(AP16>1,(R16-AQ16)^2*AP16/(AP16-1),0),0) -> 3200 | AS16: =IF(ISNUMBER(J16),1,0) -> 1 | AT16: =COUNTIFS(Runs!$B$2:$B$61,B16,Runs!$E$2:$E$61,E16,Runs!$N$2:$N$61,N16,Runs!$AS$2:$AS$61,1) -> 2 | AU16: =IF(AS16=1,AVERAGEIFS(Runs!$J$2:$J$61,Runs!$B$2:$B$61,B16,Runs!$E$2:$E$61,E16,Runs!$N$2:$N$61,N16,Runs!$AS$2:$AS$61,1),"") -> 0.724347 | AV16: =IF(AS16=1,IF(AT16>1,(J16-AU16)^2*AT16/(AT16-1),0),0) -> 0.0027154028 | AW16: =IF(ISNUMBER(Q16),1,0) -> 1 | AX16: =COUNTIFS(Runs!$B$2:$B$61,B16,Runs!$E$2:$E$61,E16,Runs!$N$2:$N$61,N16,Runs!$AW$2:$AW$61,1) -> 2 | AY16: =IF(AW16=1,AVERAGEIFS(Runs!$Q$2:$Q$61,Runs!$B$2:$B$61,B16,Runs!$E$2:$E$61,E16,Runs!$N$2:$N$61,N16,Runs!$AW$2:$AW$61,1),"") -> 5.930769 | AZ16: =IF(AW16=1,IF(AX16>1,(Q16-AY16)^2*AX16/(AX16-1),0),0) -> 0.00059622894
A17: 238292 | B17: gemma-q4 | C17: kanban-board | D17: no_verification | E17: unseen | F17: 2 | G17: runaway_no_tool_call | H17: 67 | I17: 0 | J17: 0.761194 | K17: 370 | L17: 0 | M17: 1 | N17: =C17&"|"&D17 -> kanban-board|no_verification | O17: =IF(G17="finished",0,1) -> 1 | P17: =IF(O17=0,LN(H17),"") | Q17: =IF(ISNUMBER(K17),IF(K17>0,LN(K17),""),"") -> 5.913503 | R17: =IF(M17=1,INDEX(Quality!$AF:$AF,MATCH(A17,Quality!$A:$A,0)),"") -> 4 | S17: =IF(R17="","",IF(T17=1,0,R17)) -> 0 | T17: =IF(M17=1,INDEX(Quality!$AG:$AG,MATCH(A17,Quality!$A:$A,0)),0) -> 1 | U17: =IF(M17=1,INDEX(Quality!$AS:$AS,MATCH(A17,Quality!$A:$A,0)),"") -> 0.4 | V17: 1 | X17: 5.9135 | Y17: 4 | Z17: 1 | AA17: 0.4 | AB17: runaway_no_tool_call | AC17: 67 | AD17: 0.76119403 | AE17: 370 | AF17: 0 | AG17: 0 | AH17: =IF(AND(G17=AB17,IF(AND(ISNUMBER(H17),ISNUMBER(AC17)),ABS(N(H17)-N(AC17))<=Settings!$B$9*MAX(1,ABS(N(AC17))),AND(H17="",AC17="")),IF(AND(ISNUMBER(J17),ISNUMBER(AD17)),ABS(N(J17)-N(AD17))<=Settings!$B$9*MAX(1,ABS(N(AD17))),AND(J17="",AD17="")),IF(AND(ISNUMBER(K17),ISNUMBER(AE17)),ABS(N(K17)-N(AE17))<=Settings!$B$9*MAX(1,ABS(N(AE17))),AND(K17="",AE17="")),L17=AF17,I17=AG17),"ok","CHECK") -> ok | AI17: =IF(AND(IF(AND(ISNUMBER(O17),ISNUMBER(V17)),ABS(N(O17)-N(V17))<=Settings!$B$9*MAX(1,ABS(N(V17))),AND(O17="",V17="")),IF(AND(ISNUMBER(P17),ISNUMBER(W17)),ABS(N(P17)-N(W17))<=Settings!$B$9*MAX(1,ABS(N(W17))),AND(P17="",W17="")),IF(AND(ISNUMBER(Q17),ISNUMBER(X17)),ABS(N(Q17)-N(X17))<=Settings!$B$9*MAX(1,ABS(N(X17))),AND(Q17="",X17="")),IF(AND(ISNUMBER(R17),ISNUMBER(Y17)),ABS(N(R17)-N(Y17))<=Settings!$B$9*MAX(1,ABS(N(Y17))),AND(R17="",Y17="")),T17=Z17,IF(AND(ISNUMBER(U17),ISNUMBER(AA17)),ABS(N(U17)-N(AA17))<=Settings!$B$9*MAX(1,ABS(N(AA17))),AND(U17="",AA17=""))),"ok","CHECK") -> ok | AK17: =IF(ISNUMBER(P17),1,0) -> 0 | AL17: =COUNTIFS(Runs!$B$2:$B$61,B17,Runs!$E$2:$E$61,E17,Runs!$N$2:$N$61,N17,Runs!$AK$2:$AK$61,1) -> 0 | AM17: =IF(AK17=1,AVERAGEIFS(Runs!$P$2:$P$61,Runs!$B$2:$B$61,B17,Runs!$E$2:$E$61,E17,Runs!$N$2:$N$61,N17,Runs!$AK$2:$AK$61,1),"") | AN17: =IF(AK17=1,IF(AL17>1,(P17-AM17)^2*AL17/(AL17-1),0),0) -> 0 | AO17: =IF(ISNUMBER(R17),1,0) -> 1 | AP17: =COUNTIFS(Runs!$B$2:$B$61,B17,Runs!$E$2:$E$61,E17,Runs!$N$2:$N$61,N17,Runs!$AO$2:$AO$61,1) -> 2 | AQ17: =IF(AO17=1,AVERAGEIFS(Runs!$R$2:$R$61,Runs!$B$2:$B$61,B17,Runs!$E$2:$E$61,E17,Runs!$N$2:$N$61,N17,Runs!$AO$2:$AO$61,1),"") -> 44 | AR17: =IF(AO17=1,IF(AP17>1,(R17-AQ17)^2*AP17/(AP17-1),0),0) -> 3200 | AS17: =IF(ISNUMBER(J17),1,0) -> 1 | AT17: =COUNTIFS(Runs!$B$2:$B$61,B17,Runs!$E$2:$E$61,E17,Runs!$N$2:$N$61,N17,Runs!$AS$2:$AS$61,1) -> 2 | AU17: =IF(AS17=1,AVERAGEIFS(Runs!$J$2:$J$61,Runs!$B$2:$B$61,B17,Runs!$E$2:$E$61,E17,Runs!$N$2:$N$61,N17,Runs!$AS$2:$AS$61,1),"") -> 0.724347 | AV17: =IF(AS17=1,IF(AT17>1,(J17-AU17)^2*AT17/(AT17-1),0),0) -> 0.0027154028 | AW17: =IF(ISNUMBER(Q17),1,0) -> 1 | AX17: =COUNTIFS(Runs!$B$2:$B$61,B17,Runs!$E$2:$E$61,E17,Runs!$N$2:$N$61,N17,Runs!$AW$2:$AW$61,1) -> 2 | AY17: =IF(AW17=1,AVERAGEIFS(Runs!$Q$2:$Q$61,Runs!$B$2:$B$61,B17,Runs!$E$2:$E$61,E17,Runs!$N$2:$N$61,N17,Runs!$AW$2:$AW$61,1),"") -> 5.930769 | AZ17: =IF(AW17=1,IF(AX17>1,(Q17-AY17)^2*AX17/(AX17-1),0),0) -> 0.00059622894
A18: 936589 | B18: gemma-q4 | C18: kanban-board | D18: no_verification | E18: seen | F18: 1 | G18: budget_exhausted | H18: 31 | I18: 0 | J18: 0.967742 | K18: 116 | L18: 0 | M18: 1 | N18: =C18&"|"&D18 -> kanban-board|no_verification | O18: =IF(G18="finished",0,1) -> 1 | P18: =IF(O18=0,LN(H18),"") | Q18: =IF(ISNUMBER(K18),IF(K18>0,LN(K18),""),"") -> 4.7535902 | R18: =IF(M18=1,INDEX(Quality!$AF:$AF,MATCH(A18,Quality!$A:$A,0)),"") -> 90 | S18: =IF(R18="","",IF(T18=1,0,R18)) -> 0 | T18: =IF(M18=1,INDEX(Quality!$AG:$AG,MATCH(A18,Quality!$A:$A,0)),0) -> 1 | U18: =IF(M18=1,INDEX(Quality!$AS:$AS,MATCH(A18,Quality!$A:$A,0)),"") -> 0.8 | V18: 1 | X18: 4.75359 | Y18: 90 | Z18: 1 | AA18: 0.8 | AB18: budget_exhausted | AC18: 31 | AD18: 0.96774194 | AE18: 116 | AF18: 0 | AG18: 0 | AH18: =IF(AND(G18=AB18,IF(AND(ISNUMBER(H18),ISNUMBER(AC18)),ABS(N(H18)-N(AC18))<=Settings!$B$9*MAX(1,ABS(N(AC18))),AND(H18="",AC18="")),IF(AND(ISNUMBER(J18),ISNUMBER(AD18)),ABS(N(J18)-N(AD18))<=Settings!$B$9*MAX(1,ABS(N(AD18))),AND(J18="",AD18="")),IF(AND(ISNUMBER(K18),ISNUMBER(AE18)),ABS(N(K18)-N(AE18))<=Settings!$B$9*MAX(1,ABS(N(AE18))),AND(K18="",AE18="")),L18=AF18,I18=AG18),"ok","CHECK") -> ok | AI18: =IF(AND(IF(AND(ISNUMBER(O18),ISNUMBER(V18)),ABS(N(O18)-N(V18))<=Settings!$B$9*MAX(1,ABS(N(V18))),AND(O18="",V18="")),IF(AND(ISNUMBER(P18),ISNUMBER(W18)),ABS(N(P18)-N(W18))<=Settings!$B$9*MAX(1,ABS(N(W18))),AND(P18="",W18="")),IF(AND(ISNUMBER(Q18),ISNUMBER(X18)),ABS(N(Q18)-N(X18))<=Settings!$B$9*MAX(1,ABS(N(X18))),AND(Q18="",X18="")),IF(AND(ISNUMBER(R18),ISNUMBER(Y18)),ABS(N(R18)-N(Y18))<=Settings!$B$9*MAX(1,ABS(N(Y18))),AND(R18="",Y18="")),T18=Z18,IF(AND(ISNUMBER(U18),ISNUMBER(AA18)),ABS(N(U18)-N(AA18))<=Settings!$B$9*MAX(1,ABS(N(AA18))),AND(U18="",AA18=""))),"ok","CHECK") -> ok | AK18: =IF(ISNUMBER(P18),1,0) -> 0 | AL18: =COUNTIFS(Runs!$B$2:$B$61,B18,Runs!$E$2:$E$61,E18,Runs!$N$2:$N$61,N18,Runs!$AK$2:$AK$61,1) -> 1 | AM18: =IF(AK18=1,AVERAGEIFS(Runs!$P$2:$P$61,Runs!$B$2:$B$61,B18,Runs!$E$2:$E$61,E18,Runs!$N$2:$N$61,N18,Runs!$AK$2:$AK$61,1),"") | AN18: =IF(AK18=1,IF(AL18>1,(P18-AM18)^2*AL18/(AL18-1),0),0) -> 0 | AO18: =IF(ISNUMBER(R18),1,0) -> 1 | AP18: =COUNTIFS(Runs!$B$2:$B$61,B18,Runs!$E$2:$E$61,E18,Runs!$N$2:$N$61,N18,Runs!$AO$2:$AO$61,1) -> 2 | AQ18: =IF(AO18=1,AVERAGEIFS(Runs!$R$2:$R$61,Runs!$B$2:$B$61,B18,Runs!$E$2:$E$61,E18,Runs!$N$2:$N$61,N18,Runs!$AO$2:$AO$61,1),"") -> 91 | AR18: =IF(AO18=1,IF(AP18>1,(R18-AQ18)^2*AP18/(AP18-1),0),0) -> 2 | AS18: =IF(ISNUMBER(J18),1,0) -> 1 | AT18: =COUNTIFS(Runs!$B$2:$B$61,B18,Runs!$E$2:$E$61,E18,Runs!$N$2:$N$61,N18,Runs!$AS$2:$AS$61,1) -> 2 | AU18: =IF(AS18=1,AVERAGEIFS(Runs!$J$2:$J$61,Runs!$B$2:$B$61,B18,Runs!$E$2:$E$61,E18,Runs!$N$2:$N$61,N18,Runs!$AS$2:$AS$61,1),"") -> 0.983871 | AV18: =IF(AS18=1,IF(AT18>1,(J18-AU18)^2*AT18/(AT18-1),0),0) -> 0.00052028928 | AW18: =IF(ISNUMBER(Q18),1,0) -> 1 | AX18: =COUNTIFS(Runs!$B$2:$B$61,B18,Runs!$E$2:$E$61,E18,Runs!$N$2:$N$61,N18,Runs!$AW$2:$AW$61,1) -> 2 | AY18: =IF(AW18=1,AVERAGEIFS(Runs!$Q$2:$Q$61,Runs!$B$2:$B$61,B18,Runs!$E$2:$E$61,E18,Runs!$N$2:$N$61,N18,Runs!$AW$2:$AW$61,1),"") -> 4.8787682 | AZ18: =IF(AW18=1,IF(AX18>1,(Q18-AY18)^2*AX18/(AX18-1),0),0) -> 0.031339092
A19: 322790 | B19: gemma-q4 | C19: kanban-board | D19: no_verification | E19: seen | F19: 2 | G19: finished | H19: 41 | I19: 0 | J19: 1 | K19: 149 | L19: 0 | M19: 1 | N19: =C19&"|"&D19 -> kanban-board|no_verification | O19: =IF(G19="finished",0,1) -> 0 | P19: =IF(O19=0,LN(H19),"") -> 3.7135721 | Q19: =IF(ISNUMBER(K19),IF(K19>0,LN(K19),""),"") -> 5.0039463 | R19: =IF(M19=1,INDEX(Quality!$AF:$AF,MATCH(A19,Quality!$A:$A,0)),"") -> 92 | S19: =IF(R19="","",IF(T19=1,0,R19)) -> 92 | T19: =IF(M19=1,INDEX(Quality!$AG:$AG,MATCH(A19,Quality!$A:$A,0)),0) -> 0 | U19: =IF(M19=1,INDEX(Quality!$AS:$AS,MATCH(A19,Quality!$A:$A,0)),"") -> 0.4 | V19: 0 | W19: 3.71357 | X19: 5.00395 | Y19: 92 | Z19: 0 | AA19: 0.4 | AB19: finished | AC19: 41 | AD19: 1 | AE19: 149 | AF19: 0 | AG19: 0 | AH19: =IF(AND(G19=AB19,IF(AND(ISNUMBER(H19),ISNUMBER(AC19)),ABS(N(H19)-N(AC19))<=Settings!$B$9*MAX(1,ABS(N(AC19))),AND(H19="",AC19="")),IF(AND(ISNUMBER(J19),ISNUMBER(AD19)),ABS(N(J19)-N(AD19))<=Settings!$B$9*MAX(1,ABS(N(AD19))),AND(J19="",AD19="")),IF(AND(ISNUMBER(K19),ISNUMBER(AE19)),ABS(N(K19)-N(AE19))<=Settings!$B$9*MAX(1,ABS(N(AE19))),AND(K19="",AE19="")),L19=AF19,I19=AG19),"ok","CHECK") -> ok | AI19: =IF(AND(IF(AND(ISNUMBER(O19),ISNUMBER(V19)),ABS(N(O19)-N(V19))<=Settings!$B$9*MAX(1,ABS(N(V19))),AND(O19="",V19="")),IF(AND(ISNUMBER(P19),ISNUMBER(W19)),ABS(N(P19)-N(W19))<=Settings!$B$9*MAX(1,ABS(N(W19))),AND(P19="",W19="")),IF(AND(ISNUMBER(Q19),ISNUMBER(X19)),ABS(N(Q19)-N(X19))<=Settings!$B$9*MAX(1,ABS(N(X19))),AND(Q19="",X19="")),IF(AND(ISNUMBER(R19),ISNUMBER(Y19)),ABS(N(R19)-N(Y19))<=Settings!$B$9*MAX(1,ABS(N(Y19))),AND(R19="",Y19="")),T19=Z19,IF(AND(ISNUMBER(U19),ISNUMBER(AA19)),ABS(N(U19)-N(AA19))<=Settings!$B$9*MAX(1,ABS(N(AA19))),AND(U19="",AA19=""))),"ok","CHECK") -> ok | AK19: =IF(ISNUMBER(P19),1,0) -> 1 | AL19: =COUNTIFS(Runs!$B$2:$B$61,B19,Runs!$E$2:$E$61,E19,Runs!$N$2:$N$61,N19,Runs!$AK$2:$AK$61,1) -> 1 | AM19: =IF(AK19=1,AVERAGEIFS(Runs!$P$2:$P$61,Runs!$B$2:$B$61,B19,Runs!$E$2:$E$61,E19,Runs!$N$2:$N$61,N19,Runs!$AK$2:$AK$61,1),"") -> 3.7135721 | AN19: =IF(AK19=1,IF(AL19>1,(P19-AM19)^2*AL19/(AL19-1),0),0) -> 0 | AO19: =IF(ISNUMBER(R19),1,0) -> 1 | AP19: =COUNTIFS(Runs!$B$2:$B$61,B19,Runs!$E$2:$E$61,E19,Runs!$N$2:$N$61,N19,Runs!$AO$2:$AO$61,1) -> 2 | AQ19: =IF(AO19=1,AVERAGEIFS(Runs!$R$2:$R$61,Runs!$B$2:$B$61,B19,Runs!$E$2:$E$61,E19,Runs!$N$2:$N$61,N19,Runs!$AO$2:$AO$61,1),"") -> 91 | AR19: =IF(AO19=1,IF(AP19>1,(R19-AQ19)^2*AP19/(AP19-1),0),0) -> 2 | AS19: =IF(ISNUMBER(J19),1,0) -> 1 | AT19: =COUNTIFS(Runs!$B$2:$B$61,B19,Runs!$E$2:$E$61,E19,Runs!$N$2:$N$61,N19,Runs!$AS$2:$AS$61,1) -> 2 | AU19: =IF(AS19=1,AVERAGEIFS(Runs!$J$2:$J$61,Runs!$B$2:$B$61,B19,Runs!$E$2:$E$61,E19,Runs!$N$2:$N$61,N19,Runs!$AS$2:$AS$61,1),"") -> 0.983871 | AV19: =IF(AS19=1,IF(AT19>1,(J19-AU19)^2*AT19/(AT19-1),0),0) -> 0.00052028928 | AW19: =IF(ISNUMBER(Q19),1,0) -> 1 | AX19: =COUNTIFS(Runs!$B$2:$B$61,B19,Runs!$E$2:$E$61,E19,Runs!$N$2:$N$61,N19,Runs!$AW$2:$AW$61,1) -> 2 | AY19: =IF(AW19=1,AVERAGEIFS(Runs!$Q$2:$Q$61,Runs!$B$2:$B$61,B19,Runs!$E$2:$E$61,E19,Runs!$N$2:$N$61,N19,Runs!$AW$2:$AW$61,1),"") -> 4.8787682 | AZ19: =IF(AW19=1,IF(AX19>1,(Q19-AY19)^2*AX19/(AX19-1),0),0) -> 0.031339092
A20: 507403 | B20: gemma-q4 | C20: message-board | D20: execution | E20: off | F20: 1 | G20: finished | H20: 95 | I20: 1 | J20: 0 | L20: 1 | M20: 1 | N20: =C20&"|"&D20 -> message-board|execution | O20: =IF(G20="finished",0,1) -> 0 | P20: =IF(O20=0,LN(H20),"") -> 4.5538769 | Q20: =IF(ISNUMBER(K20),IF(K20>0,LN(K20),""),"") | R20: =IF(M20=1,INDEX(Quality!$AF:$AF,MATCH(A20,Quality!$A:$A,0)),"") -> 96.3 | S20: =IF(R20="","",IF(T20=1,0,R20)) -> 0 | T20: =IF(M20=1,INDEX(Quality!$AG:$AG,MATCH(A20,Quality!$A:$A,0)),0) -> 1 | U20: =IF(M20=1,INDEX(Quality!$AS:$AS,MATCH(A20,Quality!$A:$A,0)),"") -> 0.75 | V20: 0 | W20: 4.55388 | Y20: 96.3 | Z20: 1 | AA20: 0.75 | AB20: finished | AC20: 95 | AD20: 0 | AF20: 1 | AG20: 1 | AH20: =IF(AND(G20=AB20,IF(AND(ISNUMBER(H20),ISNUMBER(AC20)),ABS(N(H20)-N(AC20))<=Settings!$B$9*MAX(1,ABS(N(AC20))),AND(H20="",AC20="")),IF(AND(ISNUMBER(J20),ISNUMBER(AD20)),ABS(N(J20)-N(AD20))<=Settings!$B$9*MAX(1,ABS(N(AD20))),AND(J20="",AD20="")),IF(AND(ISNUMBER(K20),ISNUMBER(AE20)),ABS(N(K20)-N(AE20))<=Settings!$B$9*MAX(1,ABS(N(AE20))),AND(K20="",AE20="")),L20=AF20,I20=AG20),"ok","CHECK") -> ok | AI20: =IF(AND(IF(AND(ISNUMBER(O20),ISNUMBER(V20)),ABS(N(O20)-N(V20))<=Settings!$B$9*MAX(1,ABS(N(V20))),AND(O20="",V20="")),IF(AND(ISNUMBER(P20),ISNUMBER(W20)),ABS(N(P20)-N(W20))<=Settings!$B$9*MAX(1,ABS(N(W20))),AND(P20="",W20="")),IF(AND(ISNUMBER(Q20),ISNUMBER(X20)),ABS(N(Q20)-N(X20))<=Settings!$B$9*MAX(1,ABS(N(X20))),AND(Q20="",X20="")),IF(AND(ISNUMBER(R20),ISNUMBER(Y20)),ABS(N(R20)-N(Y20))<=Settings!$B$9*MAX(1,ABS(N(Y20))),AND(R20="",Y20="")),T20=Z20,IF(AND(ISNUMBER(U20),ISNUMBER(AA20)),ABS(N(U20)-N(AA20))<=Settings!$B$9*MAX(1,ABS(N(AA20))),AND(U20="",AA20=""))),"ok","CHECK") -> ok | AK20: =IF(ISNUMBER(P20),1,0) -> 1 | AL20: =COUNTIFS(Runs!$B$2:$B$61,B20,Runs!$E$2:$E$61,E20,Runs!$N$2:$N$61,N20,Runs!$AK$2:$AK$61,1) -> 2 | AM20: =IF(AK20=1,AVERAGEIFS(Runs!$P$2:$P$61,Runs!$B$2:$B$61,B20,Runs!$E$2:$E$61,E20,Runs!$N$2:$N$61,N20,Runs!$AK$2:$AK$61,1),"") -> 4.4356825 | AN20: =IF(AK20=1,IF(AL20>1,(P20-AM20)^2*AL20/(AL20-1),0),0) -> 0.027939827 | AO20: =IF(ISNUMBER(R20),1,0) -> 1 | AP20: =COUNTIFS(Runs!$B$2:$B$61,B20,Runs!$E$2:$E$61,E20,Runs!$N$2:$N$61,N20,Runs!$AO$2:$AO$61,1) -> 2 | AQ20: =IF(AO20=1,AVERAGEIFS(Runs!$R$2:$R$61,Runs!$B$2:$B$61,B20,Runs!$E$2:$E$61,E20,Runs!$N$2:$N$61,N20,Runs!$AO$2:$AO$61,1),"") -> 94.445 | AR20: =IF(AO20=1,IF(AP20>1,(R20-AQ20)^2*AP20/(AP20-1),0),0) -> 6.88205 | AS20: =IF(ISNUMBER(J20),1,0) -> 1 | AT20: =COUNTIFS(Runs!$B$2:$B$61,B20,Runs!$E$2:$E$61,E20,Runs!$N$2:$N$61,N20,Runs!$AS$2:$AS$61,1) -> 2 | AU20: =IF(AS20=1,AVERAGEIFS(Runs!$J$2:$J$61,Runs!$B$2:$B$61,B20,Runs!$E$2:$E$61,E20,Runs!$N$2:$N$61,N20,Runs!$AS$2:$AS$61,1),"") -> 0 | AV20: =IF(AS20=1,IF(AT20>1,(J20-AU20)^2*AT20/(AT20-1),0),0) -> 0 | AW20: =IF(ISNUMBER(Q20),1,0) -> 0 | AX20: =COUNTIFS(Runs!$B$2:$B$61,B20,Runs!$E$2:$E$61,E20,Runs!$N$2:$N$61,N20,Runs!$AW$2:$AW$61,1) -> 0 | AY20: =IF(AW20=1,AVERAGEIFS(Runs!$Q$2:$Q$61,Runs!$B$2:$B$61,B20,Runs!$E$2:$E$61,E20,Runs!$N$2:$N$61,N20,Runs!$AW$2:$AW$61,1),"") | AZ20: =IF(AW20=1,IF(AX20>1,(Q20-AY20)^2*AX20/(AX20-1),0),0) -> 0
A21: 139551 | B21: gemma-q4 | C21: message-board | D21: execution | E21: off | F21: 2 | G21: finished | H21: 75 | I21: 0 | J21: 0 | L21: 0 | M21: 1 | N21: =C21&"|"&D21 -> message-board|execution | O21: =IF(G21="finished",0,1) -> 0 | P21: =IF(O21=0,LN(H21),"") -> 4.3174881 | Q21: =IF(ISNUMBER(K21),IF(K21>0,LN(K21),""),"") | R21: =IF(M21=1,INDEX(Quality!$AF:$AF,MATCH(A21,Quality!$A:$A,0)),"") -> 92.59 | S21: =IF(R21="","",IF(T21=1,0,R21)) -> 92.59 | T21: =IF(M21=1,INDEX(Quality!$AG:$AG,MATCH(A21,Quality!$A:$A,0)),0) -> 0 | U21: =IF(M21=1,INDEX(Quality!$AS:$AS,MATCH(A21,Quality!$A:$A,0)),"") -> 1 | V21: 0 | W21: 4.31749 | Y21: 92.59 | Z21: 0 | AA21: 1 | AB21: finished | AC21: 75 | AD21: 0 | AF21: 0 | AG21: 0 | AH21: =IF(AND(G21=AB21,IF(AND(ISNUMBER(H21),ISNUMBER(AC21)),ABS(N(H21)-N(AC21))<=Settings!$B$9*MAX(1,ABS(N(AC21))),AND(H21="",AC21="")),IF(AND(ISNUMBER(J21),ISNUMBER(AD21)),ABS(N(J21)-N(AD21))<=Settings!$B$9*MAX(1,ABS(N(AD21))),AND(J21="",AD21="")),IF(AND(ISNUMBER(K21),ISNUMBER(AE21)),ABS(N(K21)-N(AE21))<=Settings!$B$9*MAX(1,ABS(N(AE21))),AND(K21="",AE21="")),L21=AF21,I21=AG21),"ok","CHECK") -> ok | AI21: =IF(AND(IF(AND(ISNUMBER(O21),ISNUMBER(V21)),ABS(N(O21)-N(V21))<=Settings!$B$9*MAX(1,ABS(N(V21))),AND(O21="",V21="")),IF(AND(ISNUMBER(P21),ISNUMBER(W21)),ABS(N(P21)-N(W21))<=Settings!$B$9*MAX(1,ABS(N(W21))),AND(P21="",W21="")),IF(AND(ISNUMBER(Q21),ISNUMBER(X21)),ABS(N(Q21)-N(X21))<=Settings!$B$9*MAX(1,ABS(N(X21))),AND(Q21="",X21="")),IF(AND(ISNUMBER(R21),ISNUMBER(Y21)),ABS(N(R21)-N(Y21))<=Settings!$B$9*MAX(1,ABS(N(Y21))),AND(R21="",Y21="")),T21=Z21,IF(AND(ISNUMBER(U21),ISNUMBER(AA21)),ABS(N(U21)-N(AA21))<=Settings!$B$9*MAX(1,ABS(N(AA21))),AND(U21="",AA21=""))),"ok","CHECK") -> ok | AK21: =IF(ISNUMBER(P21),1,0) -> 1 | AL21: =COUNTIFS(Runs!$B$2:$B$61,B21,Runs!$E$2:$E$61,E21,Runs!$N$2:$N$61,N21,Runs!$AK$2:$AK$61,1) -> 2 | AM21: =IF(AK21=1,AVERAGEIFS(Runs!$P$2:$P$61,Runs!$B$2:$B$61,B21,Runs!$E$2:$E$61,E21,Runs!$N$2:$N$61,N21,Runs!$AK$2:$AK$61,1),"") -> 4.4356825 | AN21: =IF(AK21=1,IF(AL21>1,(P21-AM21)^2*AL21/(AL21-1),0),0) -> 0.027939827 | AO21: =IF(ISNUMBER(R21),1,0) -> 1 | AP21: =COUNTIFS(Runs!$B$2:$B$61,B21,Runs!$E$2:$E$61,E21,Runs!$N$2:$N$61,N21,Runs!$AO$2:$AO$61,1) -> 2 | AQ21: =IF(AO21=1,AVERAGEIFS(Runs!$R$2:$R$61,Runs!$B$2:$B$61,B21,Runs!$E$2:$E$61,E21,Runs!$N$2:$N$61,N21,Runs!$AO$2:$AO$61,1),"") -> 94.445 | AR21: =IF(AO21=1,IF(AP21>1,(R21-AQ21)^2*AP21/(AP21-1),0),0) -> 6.88205 | AS21: =IF(ISNUMBER(J21),1,0) -> 1 | AT21: =COUNTIFS(Runs!$B$2:$B$61,B21,Runs!$E$2:$E$61,E21,Runs!$N$2:$N$61,N21,Runs!$AS$2:$AS$61,1) -> 2 | AU21: =IF(AS21=1,AVERAGEIFS(Runs!$J$2:$J$61,Runs!$B$2:$B$61,B21,Runs!$E$2:$E$61,E21,Runs!$N$2:$N$61,N21,Runs!$AS$2:$AS$61,1),"") -> 0 | AV21: =IF(AS21=1,IF(AT21>1,(J21-AU21)^2*AT21/(AT21-1),0),0) -> 0 | AW21: =IF(ISNUMBER(Q21),1,0) -> 0 | AX21: =COUNTIFS(Runs!$B$2:$B$61,B21,Runs!$E$2:$E$61,E21,Runs!$N$2:$N$61,N21,Runs!$AW$2:$AW$61,1) -> 0 | AY21: =IF(AW21=1,AVERAGEIFS(Runs!$Q$2:$Q$61,Runs!$B$2:$B$61,B21,Runs!$E$2:$E$61,E21,Runs!$N$2:$N$61,N21,Runs!$AW$2:$AW$61,1),"") | AZ21: =IF(AW21=1,IF(AX21>1,(Q21-AY21)^2*AX21/(AX21-1),0),0) -> 0
A22: 611235 | B22: gemma-q4 | C22: message-board | D22: execution | E22: unseen | F22: 1 | G22: truncated_no_tool_call | H22: 57 | I22: 0 | J22: 0.666667 | K22: 344 | L22: 1 | M22: 1 | N22: =C22&"|"&D22 -> message-board|execution | O22: =IF(G22="finished",0,1) -> 1 | P22: =IF(O22=0,LN(H22),"") | Q22: =IF(ISNUMBER(K22),IF(K22>0,LN(K22),""),"") -> 5.8406417 | R22: =IF(M22=1,INDEX(Quality!$AF:$AF,MATCH(A22,Quality!$A:$A,0)),"") -> 0 | S22: =IF(R22="","",IF(T22=1,0,R22)) -> 0 | T22: =IF(M22=1,INDEX(Quality!$AG:$AG,MATCH(A22,Quality!$A:$A,0)),0) -> 0 | U22: =IF(M22=1,INDEX(Quality!$AS:$AS,MATCH(A22,Quality!$A:$A,0)),"") -> 0.5 | V22: 1 | X22: 5.84064 | Y22: 0 | Z22: 0 | AA22: 0.5 | AB22: truncated_no_tool_call | AC22: 57 | AD22: 0.66666667 | AE22: 344 | AF22: 1 | AG22: 0 | AH22: =IF(AND(G22=AB22,IF(AND(ISNUMBER(H22),ISNUMBER(AC22)),ABS(N(H22)-N(AC22))<=Settings!$B$9*MAX(1,ABS(N(AC22))),AND(H22="",AC22="")),IF(AND(ISNUMBER(J22),ISNUMBER(AD22)),ABS(N(J22)-N(AD22))<=Settings!$B$9*MAX(1,ABS(N(AD22))),AND(J22="",AD22="")),IF(AND(ISNUMBER(K22),ISNUMBER(AE22)),ABS(N(K22)-N(AE22))<=Settings!$B$9*MAX(1,ABS(N(AE22))),AND(K22="",AE22="")),L22=AF22,I22=AG22),"ok","CHECK") -> ok | AI22: =IF(AND(IF(AND(ISNUMBER(O22),ISNUMBER(V22)),ABS(N(O22)-N(V22))<=Settings!$B$9*MAX(1,ABS(N(V22))),AND(O22="",V22="")),IF(AND(ISNUMBER(P22),ISNUMBER(W22)),ABS(N(P22)-N(W22))<=Settings!$B$9*MAX(1,ABS(N(W22))),AND(P22="",W22="")),IF(AND(ISNUMBER(Q22),ISNUMBER(X22)),ABS(N(Q22)-N(X22))<=Settings!$B$9*MAX(1,ABS(N(X22))),AND(Q22="",X22="")),IF(AND(ISNUMBER(R22),ISNUMBER(Y22)),ABS(N(R22)-N(Y22))<=Settings!$B$9*MAX(1,ABS(N(Y22))),AND(R22="",Y22="")),T22=Z22,IF(AND(ISNUMBER(U22),ISNUMBER(AA22)),ABS(N(U22)-N(AA22))<=Settings!$B$9*MAX(1,ABS(N(AA22))),AND(U22="",AA22=""))),"ok","CHECK") -> ok | AK22: =IF(ISNUMBER(P22),1,0) -> 0 | AL22: =COUNTIFS(Runs!$B$2:$B$61,B22,Runs!$E$2:$E$61,E22,Runs!$N$2:$N$61,N22,Runs!$AK$2:$AK$61,1) -> 1 | AM22: =IF(AK22=1,AVERAGEIFS(Runs!$P$2:$P$61,Runs!$B$2:$B$61,B22,Runs!$E$2:$E$61,E22,Runs!$N$2:$N$61,N22,Runs!$AK$2:$AK$61,1),"") | AN22: =IF(AK22=1,IF(AL22>1,(P22-AM22)^2*AL22/(AL22-1),0),0) -> 0 | AO22: =IF(ISNUMBER(R22),1,0) -> 1 | AP22: =COUNTIFS(Runs!$B$2:$B$61,B22,Runs!$E$2:$E$61,E22,Runs!$N$2:$N$61,N22,Runs!$AO$2:$AO$61,1) -> 2 | AQ22: =IF(AO22=1,AVERAGEIFS(Runs!$R$2:$R$61,Runs!$B$2:$B$61,B22,Runs!$E$2:$E$61,E22,Runs!$N$2:$N$61,N22,Runs!$AO$2:$AO$61,1),"") -> 5.555 | AR22: =IF(AO22=1,IF(AP22>1,(R22-AQ22)^2*AP22/(AP22-1),0),0) -> 61.71605 | AS22: =IF(ISNUMBER(J22),1,0) -> 1 | AT22: =COUNTIFS(Runs!$B$2:$B$61,B22,Runs!$E$2:$E$61,E22,Runs!$N$2:$N$61,N22,Runs!$AS$2:$AS$61,1) -> 2 | AU22: =IF(AS22=1,AVERAGEIFS(Runs!$J$2:$J$61,Runs!$B$2:$B$61,B22,Runs!$E$2:$E$61,E22,Runs!$N$2:$N$61,N22,Runs!$AS$2:$AS$61,1),"") -> 0.666667 | AV22: =IF(AS22=1,IF(AT22>1,(J22-AU22)^2*AT22/(AT22-1),0),0) -> 0 | AW22: =IF(ISNUMBER(Q22),1,0) -> 1 | AX22: =COUNTIFS(Runs!$B$2:$B$61,B22,Runs!$E$2:$E$61,E22,Runs!$N$2:$N$61,N22,Runs!$AW$2:$AW$61,1) -> 2 | AY22: =IF(AW22=1,AVERAGEIFS(Runs!$Q$2:$Q$61,Runs!$B$2:$B$61,B22,Runs!$E$2:$E$61,E22,Runs!$N$2:$N$61,N22,Runs!$AW$2:$AW$61,1),"") -> 5.9021105 | AZ22: =IF(AW22=1,IF(AX22>1,(Q22-AY22)^2*AX22/(AX22-1),0),0) -> 0.0075568373
A23: 219323 | B23: gemma-q4 | C23: message-board | D23: execution | E23: unseen | F23: 2 | G23: finished | H23: 120 | I23: 0 | J23: 0.666667 | K23: 389 | L23: 0 | M23: 1 | N23: =C23&"|"&D23 -> message-board|execution | O23: =IF(G23="finished",0,1) -> 0 | P23: =IF(O23=0,LN(H23),"") -> 4.7874917 | Q23: =IF(ISNUMBER(K23),IF(K23>0,LN(K23),""),"") -> 5.9635793 | R23: =IF(M23=1,INDEX(Quality!$AF:$AF,MATCH(A23,Quality!$A:$A,0)),"") -> 11.11 | S23: =IF(R23="","",IF(T23=1,0,R23)) -> 11.11 | T23: =IF(M23=1,INDEX(Quality!$AG:$AG,MATCH(A23,Quality!$A:$A,0)),0) -> 0 | U23: =IF(M23=1,INDEX(Quality!$AS:$AS,MATCH(A23,Quality!$A:$A,0)),"") -> 1 | V23: 0 | W23: 4.78749 | X23: 5.96358 | Y23: 11.11 | Z23: 0 | AA23: 1 | AB23: finished | AC23: 120 | AD23: 0.66666667 | AE23: 389 | AF23: 0 | AG23: 0 | AH23: =IF(AND(G23=AB23,IF(AND(ISNUMBER(H23),ISNUMBER(AC23)),ABS(N(H23)-N(AC23))<=Settings!$B$9*MAX(1,ABS(N(AC23))),AND(H23="",AC23="")),IF(AND(ISNUMBER(J23),ISNUMBER(AD23)),ABS(N(J23)-N(AD23))<=Settings!$B$9*MAX(1,ABS(N(AD23))),AND(J23="",AD23="")),IF(AND(ISNUMBER(K23),ISNUMBER(AE23)),ABS(N(K23)-N(AE23))<=Settings!$B$9*MAX(1,ABS(N(AE23))),AND(K23="",AE23="")),L23=AF23,I23=AG23),"ok","CHECK") -> ok | AI23: =IF(AND(IF(AND(ISNUMBER(O23),ISNUMBER(V23)),ABS(N(O23)-N(V23))<=Settings!$B$9*MAX(1,ABS(N(V23))),AND(O23="",V23="")),IF(AND(ISNUMBER(P23),ISNUMBER(W23)),ABS(N(P23)-N(W23))<=Settings!$B$9*MAX(1,ABS(N(W23))),AND(P23="",W23="")),IF(AND(ISNUMBER(Q23),ISNUMBER(X23)),ABS(N(Q23)-N(X23))<=Settings!$B$9*MAX(1,ABS(N(X23))),AND(Q23="",X23="")),IF(AND(ISNUMBER(R23),ISNUMBER(Y23)),ABS(N(R23)-N(Y23))<=Settings!$B$9*MAX(1,ABS(N(Y23))),AND(R23="",Y23="")),T23=Z23,IF(AND(ISNUMBER(U23),ISNUMBER(AA23)),ABS(N(U23)-N(AA23))<=Settings!$B$9*MAX(1,ABS(N(AA23))),AND(U23="",AA23=""))),"ok","CHECK") -> ok | AK23: =IF(ISNUMBER(P23),1,0) -> 1 | AL23: =COUNTIFS(Runs!$B$2:$B$61,B23,Runs!$E$2:$E$61,E23,Runs!$N$2:$N$61,N23,Runs!$AK$2:$AK$61,1) -> 1 | AM23: =IF(AK23=1,AVERAGEIFS(Runs!$P$2:$P$61,Runs!$B$2:$B$61,B23,Runs!$E$2:$E$61,E23,Runs!$N$2:$N$61,N23,Runs!$AK$2:$AK$61,1),"") -> 4.7874917 | AN23: =IF(AK23=1,IF(AL23>1,(P23-AM23)^2*AL23/(AL23-1),0),0) -> 0 | AO23: =IF(ISNUMBER(R23),1,0) -> 1 | AP23: =COUNTIFS(Runs!$B$2:$B$61,B23,Runs!$E$2:$E$61,E23,Runs!$N$2:$N$61,N23,Runs!$AO$2:$AO$61,1) -> 2 | AQ23: =IF(AO23=1,AVERAGEIFS(Runs!$R$2:$R$61,Runs!$B$2:$B$61,B23,Runs!$E$2:$E$61,E23,Runs!$N$2:$N$61,N23,Runs!$AO$2:$AO$61,1),"") -> 5.555 | AR23: =IF(AO23=1,IF(AP23>1,(R23-AQ23)^2*AP23/(AP23-1),0),0) -> 61.71605 | AS23: =IF(ISNUMBER(J23),1,0) -> 1 | AT23: =COUNTIFS(Runs!$B$2:$B$61,B23,Runs!$E$2:$E$61,E23,Runs!$N$2:$N$61,N23,Runs!$AS$2:$AS$61,1) -> 2 | AU23: =IF(AS23=1,AVERAGEIFS(Runs!$J$2:$J$61,Runs!$B$2:$B$61,B23,Runs!$E$2:$E$61,E23,Runs!$N$2:$N$61,N23,Runs!$AS$2:$AS$61,1),"") -> 0.666667 | AV23: =IF(AS23=1,IF(AT23>1,(J23-AU23)^2*AT23/(AT23-1),0),0) -> 0 | AW23: =IF(ISNUMBER(Q23),1,0) -> 1 | AX23: =COUNTIFS(Runs!$B$2:$B$61,B23,Runs!$E$2:$E$61,E23,Runs!$N$2:$N$61,N23,Runs!$AW$2:$AW$61,1) -> 2 | AY23: =IF(AW23=1,AVERAGEIFS(Runs!$Q$2:$Q$61,Runs!$B$2:$B$61,B23,Runs!$E$2:$E$61,E23,Runs!$N$2:$N$61,N23,Runs!$AW$2:$AW$61,1),"") -> 5.9021105 | AZ23: =IF(AW23=1,IF(AX23>1,(Q23-AY23)^2*AX23/(AX23-1),0),0) -> 0.0075568373
A24: 279563 | B24: gemma-q4 | C24: message-board | D24: execution | E24: seen | F24: 1 | G24: budget_exhausted | H24: 64 | I24: 0 | J24: 0.953125 | K24: 140 | L24: 0 | M24: 1 | N24: =C24&"|"&D24 -> message-board|execution | O24: =IF(G24="finished",0,1) -> 1 | P24: =IF(O24=0,LN(H24),"") | Q24: =IF(ISNUMBER(K24),IF(K24>0,LN(K24),""),"") -> 4.9416424 | R24: =IF(M24=1,INDEX(Quality!$AF:$AF,MATCH(A24,Quality!$A:$A,0)),"") -> 85.19 | S24: =IF(R24="","",IF(T24=1,0,R24)) -> 0 | T24: =IF(M24=1,INDEX(Quality!$AG:$AG,MATCH(A24,Quality!$A:$A,0)),0) -> 1 | U24: =IF(M24=1,INDEX(Quality!$AS:$AS,MATCH(A24,Quality!$A:$A,0)),"") -> 1 | V24: 1 | X24: 4.94164 | Y24: 85.19 | Z24: 1 | AA24: 1 | AB24: budget_exhausted | AC24: 64 | AD24: 0.953125 | AE24: 140 | AF24: 0 | AG24: 0 | AH24: =IF(AND(G24=AB24,IF(AND(ISNUMBER(H24),ISNUMBER(AC24)),ABS(N(H24)-N(AC24))<=Settings!$B$9*MAX(1,ABS(N(AC24))),AND(H24="",AC24="")),IF(AND(ISNUMBER(J24),ISNUMBER(AD24)),ABS(N(J24)-N(AD24))<=Settings!$B$9*MAX(1,ABS(N(AD24))),AND(J24="",AD24="")),IF(AND(ISNUMBER(K24),ISNUMBER(AE24)),ABS(N(K24)-N(AE24))<=Settings!$B$9*MAX(1,ABS(N(AE24))),AND(K24="",AE24="")),L24=AF24,I24=AG24),"ok","CHECK") -> ok | AI24: =IF(AND(IF(AND(ISNUMBER(O24),ISNUMBER(V24)),ABS(N(O24)-N(V24))<=Settings!$B$9*MAX(1,ABS(N(V24))),AND(O24="",V24="")),IF(AND(ISNUMBER(P24),ISNUMBER(W24)),ABS(N(P24)-N(W24))<=Settings!$B$9*MAX(1,ABS(N(W24))),AND(P24="",W24="")),IF(AND(ISNUMBER(Q24),ISNUMBER(X24)),ABS(N(Q24)-N(X24))<=Settings!$B$9*MAX(1,ABS(N(X24))),AND(Q24="",X24="")),IF(AND(ISNUMBER(R24),ISNUMBER(Y24)),ABS(N(R24)-N(Y24))<=Settings!$B$9*MAX(1,ABS(N(Y24))),AND(R24="",Y24="")),T24=Z24,IF(AND(ISNUMBER(U24),ISNUMBER(AA24)),ABS(N(U24)-N(AA24))<=Settings!$B$9*MAX(1,ABS(N(AA24))),AND(U24="",AA24=""))),"ok","CHECK") -> ok | AK24: =IF(ISNUMBER(P24),1,0) -> 0 | AL24: =COUNTIFS(Runs!$B$2:$B$61,B24,Runs!$E$2:$E$61,E24,Runs!$N$2:$N$61,N24,Runs!$AK$2:$AK$61,1) -> 1 | AM24: =IF(AK24=1,AVERAGEIFS(Runs!$P$2:$P$61,Runs!$B$2:$B$61,B24,Runs!$E$2:$E$61,E24,Runs!$N$2:$N$61,N24,Runs!$AK$2:$AK$61,1),"") | AN24: =IF(AK24=1,IF(AL24>1,(P24-AM24)^2*AL24/(AL24-1),0),0) -> 0 | AO24: =IF(ISNUMBER(R24),1,0) -> 1 | AP24: =COUNTIFS(Runs!$B$2:$B$61,B24,Runs!$E$2:$E$61,E24,Runs!$N$2:$N$61,N24,Runs!$AO$2:$AO$61,1) -> 2 | AQ24: =IF(AO24=1,AVERAGEIFS(Runs!$R$2:$R$61,Runs!$B$2:$B$61,B24,Runs!$E$2:$E$61,E24,Runs!$N$2:$N$61,N24,Runs!$AO$2:$AO$61,1),"") -> 92.595 | AR24: =IF(AO24=1,IF(AP24>1,(R24-AQ24)^2*AP24/(AP24-1),0),0) -> 109.66805 | AS24: =IF(ISNUMBER(J24),1,0) -> 1 | AT24: =COUNTIFS(Runs!$B$2:$B$61,B24,Runs!$E$2:$E$61,E24,Runs!$N$2:$N$61,N24,Runs!$AS$2:$AS$61,1) -> 2 | AU24: =IF(AS24=1,AVERAGEIFS(Runs!$J$2:$J$61,Runs!$B$2:$B$61,B24,Runs!$E$2:$E$61,E24,Runs!$N$2:$N$61,N24,Runs!$AS$2:$AS$61,1),"") -> 0.9765625 | AV24: =IF(AS24=1,IF(AT24>1,(J24-AU24)^2*AT24/(AT24-1),0),0) -> 0.0010986328 | AW24: =IF(ISNUMBER(Q24),1,0) -> 1 | AX24: =COUNTIFS(Runs!$B$2:$B$61,B24,Runs!$E$2:$E$61,E24,Runs!$N$2:$N$61,N24,Runs!$AW$2:$AW$61,1) -> 2 | AY24: =IF(AW24=1,AVERAGEIFS(Runs!$Q$2:$Q$61,Runs!$B$2:$B$61,B24,Runs!$E$2:$E$61,E24,Runs!$N$2:$N$61,N24,Runs!$AW$2:$AW$61,1),"") -> 5.0207544 | AZ24: =IF(AW24=1,IF(AX24>1,(Q24-AY24)^2*AX24/(AX24-1),0),0) -> 0.012517418
A25: 660737 | B25: gemma-q4 | C25: message-board | D25: execution | E25: seen | F25: 2 | G25: finished | H25: 58 | I25: 0 | J25: 1 | K25: 164 | L25: 0 | M25: 1 | N25: =C25&"|"&D25 -> message-board|execution | O25: =IF(G25="finished",0,1) -> 0 | P25: =IF(O25=0,LN(H25),"") -> 4.060443 | Q25: =IF(ISNUMBER(K25),IF(K25>0,LN(K25),""),"") -> 5.0998664 | R25: =IF(M25=1,INDEX(Quality!$AF:$AF,MATCH(A25,Quality!$A:$A,0)),"") -> 100 | S25: =IF(R25="","",IF(T25=1,0,R25)) -> 100 | T25: =IF(M25=1,INDEX(Quality!$AG:$AG,MATCH(A25,Quality!$A:$A,0)),0) -> 0 | U25: =IF(M25=1,INDEX(Quality!$AS:$AS,MATCH(A25,Quality!$A:$A,0)),"") -> 0.5 | V25: 0 | W25: 4.06044 | X25: 5.09987 | Y25: 100 | Z25: 0 | AA25: 0.5 | AB25: finished | AC25: 58 | AD25: 1 | AE25: 164 | AF25: 0 | AG25: 0 | AH25: =IF(AND(G25=AB25,IF(AND(ISNUMBER(H25),ISNUMBER(AC25)),ABS(N(H25)-N(AC25))<=Settings!$B$9*MAX(1,ABS(N(AC25))),AND(H25="",AC25="")),IF(AND(ISNUMBER(J25),ISNUMBER(AD25)),ABS(N(J25)-N(AD25))<=Settings!$B$9*MAX(1,ABS(N(AD25))),AND(J25="",AD25="")),IF(AND(ISNUMBER(K25),ISNUMBER(AE25)),ABS(N(K25)-N(AE25))<=Settings!$B$9*MAX(1,ABS(N(AE25))),AND(K25="",AE25="")),L25=AF25,I25=AG25),"ok","CHECK") -> ok | AI25: =IF(AND(IF(AND(ISNUMBER(O25),ISNUMBER(V25)),ABS(N(O25)-N(V25))<=Settings!$B$9*MAX(1,ABS(N(V25))),AND(O25="",V25="")),IF(AND(ISNUMBER(P25),ISNUMBER(W25)),ABS(N(P25)-N(W25))<=Settings!$B$9*MAX(1,ABS(N(W25))),AND(P25="",W25="")),IF(AND(ISNUMBER(Q25),ISNUMBER(X25)),ABS(N(Q25)-N(X25))<=Settings!$B$9*MAX(1,ABS(N(X25))),AND(Q25="",X25="")),IF(AND(ISNUMBER(R25),ISNUMBER(Y25)),ABS(N(R25)-N(Y25))<=Settings!$B$9*MAX(1,ABS(N(Y25))),AND(R25="",Y25="")),T25=Z25,IF(AND(ISNUMBER(U25),ISNUMBER(AA25)),ABS(N(U25)-N(AA25))<=Settings!$B$9*MAX(1,ABS(N(AA25))),AND(U25="",AA25=""))),"ok","CHECK") -> ok | AK25: =IF(ISNUMBER(P25),1,0) -> 1 | AL25: =COUNTIFS(Runs!$B$2:$B$61,B25,Runs!$E$2:$E$61,E25,Runs!$N$2:$N$61,N25,Runs!$AK$2:$AK$61,1) -> 1 | AM25: =IF(AK25=1,AVERAGEIFS(Runs!$P$2:$P$61,Runs!$B$2:$B$61,B25,Runs!$E$2:$E$61,E25,Runs!$N$2:$N$61,N25,Runs!$AK$2:$AK$61,1),"") -> 4.060443 | AN25: =IF(AK25=1,IF(AL25>1,(P25-AM25)^2*AL25/(AL25-1),0),0) -> 0 | AO25: =IF(ISNUMBER(R25),1,0) -> 1 | AP25: =COUNTIFS(Runs!$B$2:$B$61,B25,Runs!$E$2:$E$61,E25,Runs!$N$2:$N$61,N25,Runs!$AO$2:$AO$61,1) -> 2 | AQ25: =IF(AO25=1,AVERAGEIFS(Runs!$R$2:$R$61,Runs!$B$2:$B$61,B25,Runs!$E$2:$E$61,E25,Runs!$N$2:$N$61,N25,Runs!$AO$2:$AO$61,1),"") -> 92.595 | AR25: =IF(AO25=1,IF(AP25>1,(R25-AQ25)^2*AP25/(AP25-1),0),0) -> 109.66805 | AS25: =IF(ISNUMBER(J25),1,0) -> 1 | AT25: =COUNTIFS(Runs!$B$2:$B$61,B25,Runs!$E$2:$E$61,E25,Runs!$N$2:$N$61,N25,Runs!$AS$2:$AS$61,1) -> 2 | AU25: =IF(AS25=1,AVERAGEIFS(Runs!$J$2:$J$61,Runs!$B$2:$B$61,B25,Runs!$E$2:$E$61,E25,Runs!$N$2:$N$61,N25,Runs!$AS$2:$AS$61,1),"") -> 0.9765625 | AV25: =IF(AS25=1,IF(AT25>1,(J25-AU25)^2*AT25/(AT25-1),0),0) -> 0.0010986328 | AW25: =IF(ISNUMBER(Q25),1,0) -> 1 | AX25: =COUNTIFS(Runs!$B$2:$B$61,B25,Runs!$E$2:$E$61,E25,Runs!$N$2:$N$61,N25,Runs!$AW$2:$AW$61,1) -> 2 | AY25: =IF(AW25=1,AVERAGEIFS(Runs!$Q$2:$Q$61,Runs!$B$2:$B$61,B25,Runs!$E$2:$E$61,E25,Runs!$N$2:$N$61,N25,Runs!$AW$2:$AW$61,1),"") -> 5.0207544 | AZ25: =IF(AW25=1,IF(AX25>1,(Q25-AY25)^2*AX25/(AX25-1),0),0) -> 0.012517418
A26: 447712 | B26: gemma-q4 | C26: message-board | D26: interactive | E26: off | F26: 1 | G26: finished | H26: 146 | I26: 0 | J26: 0 | L26: 0 | M26: 1 | N26: =C26&"|"&D26 -> message-board|interactive | O26: =IF(G26="finished",0,1) -> 0 | P26: =IF(O26=0,LN(H26),"") -> 4.9836066 | Q26: =IF(ISNUMBER(K26),IF(K26>0,LN(K26),""),"") | R26: =IF(M26=1,INDEX(Quality!$AF:$AF,MATCH(A26,Quality!$A:$A,0)),"") -> 18.52 | S26: =IF(R26="","",IF(T26=1,0,R26)) -> 18.52 | T26: =IF(M26=1,INDEX(Quality!$AG:$AG,MATCH(A26,Quality!$A:$A,0)),0) -> 0 | U26: =IF(M26=1,INDEX(Quality!$AS:$AS,MATCH(A26,Quality!$A:$A,0)),"") -> 0.25 | V26: 0 | W26: 4.98361 | Y26: 18.52 | Z26: 0 | AA26: 0.25 | AB26: finished | AC26: 146 | AD26: 0 | AF26: 0 | AG26: 0 | AH26: =IF(AND(G26=AB26,IF(AND(ISNUMBER(H26),ISNUMBER(AC26)),ABS(N(H26)-N(AC26))<=Settings!$B$9*MAX(1,ABS(N(AC26))),AND(H26="",AC26="")),IF(AND(ISNUMBER(J26),ISNUMBER(AD26)),ABS(N(J26)-N(AD26))<=Settings!$B$9*MAX(1,ABS(N(AD26))),AND(J26="",AD26="")),IF(AND(ISNUMBER(K26),ISNUMBER(AE26)),ABS(N(K26)-N(AE26))<=Settings!$B$9*MAX(1,ABS(N(AE26))),AND(K26="",AE26="")),L26=AF26,I26=AG26),"ok","CHECK") -> ok | AI26: =IF(AND(IF(AND(ISNUMBER(O26),ISNUMBER(V26)),ABS(N(O26)-N(V26))<=Settings!$B$9*MAX(1,ABS(N(V26))),AND(O26="",V26="")),IF(AND(ISNUMBER(P26),ISNUMBER(W26)),ABS(N(P26)-N(W26))<=Settings!$B$9*MAX(1,ABS(N(W26))),AND(P26="",W26="")),IF(AND(ISNUMBER(Q26),ISNUMBER(X26)),ABS(N(Q26)-N(X26))<=Settings!$B$9*MAX(1,ABS(N(X26))),AND(Q26="",X26="")),IF(AND(ISNUMBER(R26),ISNUMBER(Y26)),ABS(N(R26)-N(Y26))<=Settings!$B$9*MAX(1,ABS(N(Y26))),AND(R26="",Y26="")),T26=Z26,IF(AND(ISNUMBER(U26),ISNUMBER(AA26)),ABS(N(U26)-N(AA26))<=Settings!$B$9*MAX(1,ABS(N(AA26))),AND(U26="",AA26=""))),"ok","CHECK") -> ok | AK26: =IF(ISNUMBER(P26),1,0) -> 1 | AL26: =COUNTIFS(Runs!$B$2:$B$61,B26,Runs!$E$2:$E$61,E26,Runs!$N$2:$N$61,N26,Runs!$AK$2:$AK$61,1) -> 2 | AM26: =IF(AK26=1,AVERAGEIFS(Runs!$P$2:$P$61,Runs!$B$2:$B$61,B26,Runs!$E$2:$E$61,E26,Runs!$N$2:$N$61,N26,Runs!$AK$2:$AK$61,1),"") -> 4.4674252 | AN26: =IF(AK26=1,IF(AL26>1,(P26-AM26)^2*AL26/(AL26-1),0),0) -> 0.53288658 | AO26: =IF(ISNUMBER(R26),1,0) -> 1 | AP26: =COUNTIFS(Runs!$B$2:$B$61,B26,Runs!$E$2:$E$61,E26,Runs!$N$2:$N$61,N26,Runs!$AO$2:$AO$61,1) -> 2 | AQ26: =IF(AO26=1,AVERAGEIFS(Runs!$R$2:$R$61,Runs!$B$2:$B$61,B26,Runs!$E$2:$E$61,E26,Runs!$N$2:$N$61,N26,Runs!$AO$2:$AO$61,1),"") -> 11.11 | AR26: =IF(AO26=1,IF(AP26>1,(R26-AQ26)^2*AP26/(AP26-1),0),0) -> 109.8162 | AS26: =IF(ISNUMBER(J26),1,0) -> 1 | AT26: =COUNTIFS(Runs!$B$2:$B$61,B26,Runs!$E$2:$E$61,E26,Runs!$N$2:$N$61,N26,Runs!$AS$2:$AS$61,1) -> 2 | AU26: =IF(AS26=1,AVERAGEIFS(Runs!$J$2:$J$61,Runs!$B$2:$B$61,B26,Runs!$E$2:$E$61,E26,Runs!$N$2:$N$61,N26,Runs!$AS$2:$AS$61,1),"") -> 0 | AV26: =IF(AS26=1,IF(AT26>1,(J26-AU26)^2*AT26/(AT26-1),0),0) -> 0 | AW26: =IF(ISNUMBER(Q26),1,0) -> 0 | AX26: =COUNTIFS(Runs!$B$2:$B$61,B26,Runs!$E$2:$E$61,E26,Runs!$N$2:$N$61,N26,Runs!$AW$2:$AW$61,1) -> 0 | AY26: =IF(AW26=1,AVERAGEIFS(Runs!$Q$2:$Q$61,Runs!$B$2:$B$61,B26,Runs!$E$2:$E$61,E26,Runs!$N$2:$N$61,N26,Runs!$AW$2:$AW$61,1),"") | AZ26: =IF(AW26=1,IF(AX26>1,(Q26-AY26)^2*AX26/(AX26-1),0),0) -> 0
A27: 761158 | B27: gemma-q4 | C27: message-board | D27: interactive | E27: off | F27: 2 | G27: finished | H27: 52 | I27: 0 | J27: 0 | L27: 0 | M27: 1 | N27: =C27&"|"&D27 -> message-board|interactive | O27: =IF(G27="finished",0,1) -> 0 | P27: =IF(O27=0,LN(H27),"") -> 3.9512437 | Q27: =IF(ISNUMBER(K27),IF(K27>0,LN(K27),""),"") | R27: =IF(M27=1,INDEX(Quality!$AF:$AF,MATCH(A27,Quality!$A:$A,0)),"") -> 3.7 | S27: =IF(R27="","",IF(T27=1,0,R27)) -> 0 | T27: =IF(M27=1,INDEX(Quality!$AG:$AG,MATCH(A27,Quality!$A:$A,0)),0) -> 1 | U27: =IF(M27=1,INDEX(Quality!$AS:$AS,MATCH(A27,Quality!$A:$A,0)),"") -> 0.75 | V27: 0 | W27: 3.95124 | Y27: 3.7 | Z27: 1 | AA27: 0.75 | AB27: finished | AC27: 52 | AD27: 0 | AF27: 0 | AG27: 0 | AH27: =IF(AND(G27=AB27,IF(AND(ISNUMBER(H27),ISNUMBER(AC27)),ABS(N(H27)-N(AC27))<=Settings!$B$9*MAX(1,ABS(N(AC27))),AND(H27="",AC27="")),IF(AND(ISNUMBER(J27),ISNUMBER(AD27)),ABS(N(J27)-N(AD27))<=Settings!$B$9*MAX(1,ABS(N(AD27))),AND(J27="",AD27="")),IF(AND(ISNUMBER(K27),ISNUMBER(AE27)),ABS(N(K27)-N(AE27))<=Settings!$B$9*MAX(1,ABS(N(AE27))),AND(K27="",AE27="")),L27=AF27,I27=AG27),"ok","CHECK") -> ok | AI27: =IF(AND(IF(AND(ISNUMBER(O27),ISNUMBER(V27)),ABS(N(O27)-N(V27))<=Settings!$B$9*MAX(1,ABS(N(V27))),AND(O27="",V27="")),IF(AND(ISNUMBER(P27),ISNUMBER(W27)),ABS(N(P27)-N(W27))<=Settings!$B$9*MAX(1,ABS(N(W27))),AND(P27="",W27="")),IF(AND(ISNUMBER(Q27),ISNUMBER(X27)),ABS(N(Q27)-N(X27))<=Settings!$B$9*MAX(1,ABS(N(X27))),AND(Q27="",X27="")),IF(AND(ISNUMBER(R27),ISNUMBER(Y27)),ABS(N(R27)-N(Y27))<=Settings!$B$9*MAX(1,ABS(N(Y27))),AND(R27="",Y27="")),T27=Z27,IF(AND(ISNUMBER(U27),ISNUMBER(AA27)),ABS(N(U27)-N(AA27))<=Settings!$B$9*MAX(1,ABS(N(AA27))),AND(U27="",AA27=""))),"ok","CHECK") -> ok | AK27: =IF(ISNUMBER(P27),1,0) -> 1 | AL27: =COUNTIFS(Runs!$B$2:$B$61,B27,Runs!$E$2:$E$61,E27,Runs!$N$2:$N$61,N27,Runs!$AK$2:$AK$61,1) -> 2 | AM27: =IF(AK27=1,AVERAGEIFS(Runs!$P$2:$P$61,Runs!$B$2:$B$61,B27,Runs!$E$2:$E$61,E27,Runs!$N$2:$N$61,N27,Runs!$AK$2:$AK$61,1),"") -> 4.4674252 | AN27: =IF(AK27=1,IF(AL27>1,(P27-AM27)^2*AL27/(AL27-1),0),0) -> 0.53288658 | AO27: =IF(ISNUMBER(R27),1,0) -> 1 | AP27: =COUNTIFS(Runs!$B$2:$B$61,B27,Runs!$E$2:$E$61,E27,Runs!$N$2:$N$61,N27,Runs!$AO$2:$AO$61,1) -> 2 | AQ27: =IF(AO27=1,AVERAGEIFS(Runs!$R$2:$R$61,Runs!$B$2:$B$61,B27,Runs!$E$2:$E$61,E27,Runs!$N$2:$N$61,N27,Runs!$AO$2:$AO$61,1),"") -> 11.11 | AR27: =IF(AO27=1,IF(AP27>1,(R27-AQ27)^2*AP27/(AP27-1),0),0) -> 109.8162 | AS27: =IF(ISNUMBER(J27),1,0) -> 1 | AT27: =COUNTIFS(Runs!$B$2:$B$61,B27,Runs!$E$2:$E$61,E27,Runs!$N$2:$N$61,N27,Runs!$AS$2:$AS$61,1) -> 2 | AU27: =IF(AS27=1,AVERAGEIFS(Runs!$J$2:$J$61,Runs!$B$2:$B$61,B27,Runs!$E$2:$E$61,E27,Runs!$N$2:$N$61,N27,Runs!$AS$2:$AS$61,1),"") -> 0 | AV27: =IF(AS27=1,IF(AT27>1,(J27-AU27)^2*AT27/(AT27-1),0),0) -> 0 | AW27: =IF(ISNUMBER(Q27),1,0) -> 0 | AX27: =COUNTIFS(Runs!$B$2:$B$61,B27,Runs!$E$2:$E$61,E27,Runs!$N$2:$N$61,N27,Runs!$AW$2:$AW$61,1) -> 0 | AY27: =IF(AW27=1,AVERAGEIFS(Runs!$Q$2:$Q$61,Runs!$B$2:$B$61,B27,Runs!$E$2:$E$61,E27,Runs!$N$2:$N$61,N27,Runs!$AW$2:$AW$61,1),"") | AZ27: =IF(AW27=1,IF(AX27>1,(Q27-AY27)^2*AX27/(AX27-1),0),0) -> 0
A28: 727961 | B28: gemma-q4 | C28: message-board | D28: interactive | E28: unseen | F28: 1 | G28: finished | H28: 109 | I28: 0 | J28: 0.66055 | K28: 421 | L28: 0 | M28: 1 | N28: =C28&"|"&D28 -> message-board|interactive | O28: =IF(G28="finished",0,1) -> 0 | P28: =IF(O28=0,LN(H28),"") -> 4.6913479 | Q28: =IF(ISNUMBER(K28),IF(K28>0,LN(K28),""),"") -> 6.0426328 | R28: =IF(M28=1,INDEX(Quality!$AF:$AF,MATCH(A28,Quality!$A:$A,0)),"") -> 92.59 | S28: =IF(R28="","",IF(T28=1,0,R28)) -> 92.59 | T28: =IF(M28=1,INDEX(Quality!$AG:$AG,MATCH(A28,Quality!$A:$A,0)),0) -> 0 | U28: =IF(M28=1,INDEX(Quality!$AS:$AS,MATCH(A28,Quality!$A:$A,0)),"") -> 0.5 | V28: 0 | W28: 4.69135 | X28: 6.04263 | Y28: 92.59 | Z28: 0 | AA28: 0.5 | AB28: finished | AC28: 109 | AD28: 0.66055046 | AE28: 421 | AF28: 0 | AG28: 0 | AH28: =IF(AND(G28=AB28,IF(AND(ISNUMBER(H28),ISNUMBER(AC28)),ABS(N(H28)-N(AC28))<=Settings!$B$9*MAX(1,ABS(N(AC28))),AND(H28="",AC28="")),IF(AND(ISNUMBER(J28),ISNUMBER(AD28)),ABS(N(J28)-N(AD28))<=Settings!$B$9*MAX(1,ABS(N(AD28))),AND(J28="",AD28="")),IF(AND(ISNUMBER(K28),ISNUMBER(AE28)),ABS(N(K28)-N(AE28))<=Settings!$B$9*MAX(1,ABS(N(AE28))),AND(K28="",AE28="")),L28=AF28,I28=AG28),"ok","CHECK") -> ok | AI28: =IF(AND(IF(AND(ISNUMBER(O28),ISNUMBER(V28)),ABS(N(O28)-N(V28))<=Settings!$B$9*MAX(1,ABS(N(V28))),AND(O28="",V28="")),IF(AND(ISNUMBER(P28),ISNUMBER(W28)),ABS(N(P28)-N(W28))<=Settings!$B$9*MAX(1,ABS(N(W28))),AND(P28="",W28="")),IF(AND(ISNUMBER(Q28),ISNUMBER(X28)),ABS(N(Q28)-N(X28))<=Settings!$B$9*MAX(1,ABS(N(X28))),AND(Q28="",X28="")),IF(AND(ISNUMBER(R28),ISNUMBER(Y28)),ABS(N(R28)-N(Y28))<=Settings!$B$9*MAX(1,ABS(N(Y28))),AND(R28="",Y28="")),T28=Z28,IF(AND(ISNUMBER(U28),ISNUMBER(AA28)),ABS(N(U28)-N(AA28))<=Settings!$B$9*MAX(1,ABS(N(AA28))),AND(U28="",AA28=""))),"ok","CHECK") -> ok | AK28: =IF(ISNUMBER(P28),1,0) -> 1 | AL28: =COUNTIFS(Runs!$B$2:$B$61,B28,Runs!$E$2:$E$61,E28,Runs!$N$2:$N$61,N28,Runs!$AK$2:$AK$61,1) -> 1 | AM28: =IF(AK28=1,AVERAGEIFS(Runs!$P$2:$P$61,Runs!$B$2:$B$61,B28,Runs!$E$2:$E$61,E28,Runs!$N$2:$N$61,N28,Runs!$AK$2:$AK$61,1),"") -> 4.6913479 | AN28: =IF(AK28=1,IF(AL28>1,(P28-AM28)^2*AL28/(AL28-1),0),0) -> 0 | AO28: =IF(ISNUMBER(R28),1,0) -> 1 | AP28: =COUNTIFS(Runs!$B$2:$B$61,B28,Runs!$E$2:$E$61,E28,Runs!$N$2:$N$61,N28,Runs!$AO$2:$AO$61,1) -> 2 | AQ28: =IF(AO28=1,AVERAGEIFS(Runs!$R$2:$R$61,Runs!$B$2:$B$61,B28,Runs!$E$2:$E$61,E28,Runs!$N$2:$N$61,N28,Runs!$AO$2:$AO$61,1),"") -> 96.295 | AR28: =IF(AO28=1,IF(AP28>1,(R28-AQ28)^2*AP28/(AP28-1),0),0) -> 27.45405 | AS28: =IF(ISNUMBER(J28),1,0) -> 1 | AT28: =COUNTIFS(Runs!$B$2:$B$61,B28,Runs!$E$2:$E$61,E28,Runs!$N$2:$N$61,N28,Runs!$AS$2:$AS$61,1) -> 2 | AU28: =IF(AS28=1,AVERAGEIFS(Runs!$J$2:$J$61,Runs!$B$2:$B$61,B28,Runs!$E$2:$E$61,E28,Runs!$N$2:$N$61,N28,Runs!$AS$2:$AS$61,1),"") -> 0.7469415 | AV28: =IF(AS28=1,IF(AT28>1,(J28-AU28)^2*AT28/(AT28-1),0),0) -> 0.014926983 | AW28: =IF(ISNUMBER(Q28),1,0) -> 1 | AX28: =COUNTIFS(Runs!$B$2:$B$61,B28,Runs!$E$2:$E$61,E28,Runs!$N$2:$N$61,N28,Runs!$AW$2:$AW$61,1) -> 2 | AY28: =IF(AW28=1,AVERAGEIFS(Runs!$Q$2:$Q$61,Runs!$B$2:$B$61,B28,Runs!$E$2:$E$61,E28,Runs!$N$2:$N$61,N28,Runs!$AW$2:$AW$61,1),"") -> 5.9900845 | AZ28: =IF(AW28=1,IF(AX28>1,(Q28-AY28)^2*AX28/(AX28-1),0),0) -> 0.0055226507
A29: 585892 | B29: gemma-q4 | C29: message-board | D29: interactive | E29: unseen | F29: 2 | G29: stopped_no_tool_call | H29: 48 | I29: 1 | J29: 0.833333 | K29: 379 | L29: 0 | M29: 1 | N29: =C29&"|"&D29 -> message-board|interactive | O29: =IF(G29="finished",0,1) -> 1 | P29: =IF(O29=0,LN(H29),"") | Q29: =IF(ISNUMBER(K29),IF(K29>0,LN(K29),""),"") -> 5.9375362 | R29: =IF(M29=1,INDEX(Quality!$AF:$AF,MATCH(A29,Quality!$A:$A,0)),"") -> 100 | S29: =IF(R29="","",IF(T29=1,0,R29)) -> 100 | T29: =IF(M29=1,INDEX(Quality!$AG:$AG,MATCH(A29,Quality!$A:$A,0)),0) -> 0 | U29: =IF(M29=1,INDEX(Quality!$AS:$AS,MATCH(A29,Quality!$A:$A,0)),"") -> 0.25 | V29: 1 | X29: 5.93754 | Y29: 100 | Z29: 0 | AA29: 0.25 | AB29: stopped_no_tool_call | AC29: 48 | AD29: 0.83333333 | AE29: 379 | AF29: 0 | AG29: 1 | AH29: =IF(AND(G29=AB29,IF(AND(ISNUMBER(H29),ISNUMBER(AC29)),ABS(N(H29)-N(AC29))<=Settings!$B$9*MAX(1,ABS(N(AC29))),AND(H29="",AC29="")),IF(AND(ISNUMBER(J29),ISNUMBER(AD29)),ABS(N(J29)-N(AD29))<=Settings!$B$9*MAX(1,ABS(N(AD29))),AND(J29="",AD29="")),IF(AND(ISNUMBER(K29),ISNUMBER(AE29)),ABS(N(K29)-N(AE29))<=Settings!$B$9*MAX(1,ABS(N(AE29))),AND(K29="",AE29="")),L29=AF29,I29=AG29),"ok","CHECK") -> ok | AI29: =IF(AND(IF(AND(ISNUMBER(O29),ISNUMBER(V29)),ABS(N(O29)-N(V29))<=Settings!$B$9*MAX(1,ABS(N(V29))),AND(O29="",V29="")),IF(AND(ISNUMBER(P29),ISNUMBER(W29)),ABS(N(P29)-N(W29))<=Settings!$B$9*MAX(1,ABS(N(W29))),AND(P29="",W29="")),IF(AND(ISNUMBER(Q29),ISNUMBER(X29)),ABS(N(Q29)-N(X29))<=Settings!$B$9*MAX(1,ABS(N(X29))),AND(Q29="",X29="")),IF(AND(ISNUMBER(R29),ISNUMBER(Y29)),ABS(N(R29)-N(Y29))<=Settings!$B$9*MAX(1,ABS(N(Y29))),AND(R29="",Y29="")),T29=Z29,IF(AND(ISNUMBER(U29),ISNUMBER(AA29)),ABS(N(U29)-N(AA29))<=Settings!$B$9*MAX(1,ABS(N(AA29))),AND(U29="",AA29=""))),"ok","CHECK") -> ok | AK29: =IF(ISNUMBER(P29),1,0) -> 0 | AL29: =COUNTIFS(Runs!$B$2:$B$61,B29,Runs!$E$2:$E$61,E29,Runs!$N$2:$N$61,N29,Runs!$AK$2:$AK$61,1) -> 1 | AM29: =IF(AK29=1,AVERAGEIFS(Runs!$P$2:$P$61,Runs!$B$2:$B$61,B29,Runs!$E$2:$E$61,E29,Runs!$N$2:$N$61,N29,Runs!$AK$2:$AK$61,1),"") | AN29: =IF(AK29=1,IF(AL29>1,(P29-AM29)^2*AL29/(AL29-1),0),0) -> 0 | AO29: =IF(ISNUMBER(R29),1,0) -> 1 | AP29: =COUNTIFS(Runs!$B$2:$B$61,B29,Runs!$E$2:$E$61,E29,Runs!$N$2:$N$61,N29,Runs!$AO$2:$AO$61,1) -> 2 | AQ29: =IF(AO29=1,AVERAGEIFS(Runs!$R$2:$R$61,Runs!$B$2:$B$61,B29,Runs!$E$2:$E$61,E29,Runs!$N$2:$N$61,N29,Runs!$AO$2:$AO$61,1),"") -> 96.295 | AR29: =IF(AO29=1,IF(AP29>1,(R29-AQ29)^2*AP29/(AP29-1),0),0) -> 27.45405 | AS29: =IF(ISNUMBER(J29),1,0) -> 1 | AT29: =COUNTIFS(Runs!$B$2:$B$61,B29,Runs!$E$2:$E$61,E29,Runs!$N$2:$N$61,N29,Runs!$AS$2:$AS$61,1) -> 2 | AU29: =IF(AS29=1,AVERAGEIFS(Runs!$J$2:$J$61,Runs!$B$2:$B$61,B29,Runs!$E$2:$E$61,E29,Runs!$N$2:$N$61,N29,Runs!$AS$2:$AS$61,1),"") -> 0.7469415 | AV29: =IF(AS29=1,IF(AT29>1,(J29-AU29)^2*AT29/(AT29-1),0),0) -> 0.014926983 | AW29: =IF(ISNUMBER(Q29),1,0) -> 1 | AX29: =COUNTIFS(Runs!$B$2:$B$61,B29,Runs!$E$2:$E$61,E29,Runs!$N$2:$N$61,N29,Runs!$AW$2:$AW$61,1) -> 2 | AY29: =IF(AW29=1,AVERAGEIFS(Runs!$Q$2:$Q$61,Runs!$B$2:$B$61,B29,Runs!$E$2:$E$61,E29,Runs!$N$2:$N$61,N29,Runs!$AW$2:$AW$61,1),"") -> 5.9900845 | AZ29: =IF(AW29=1,IF(AX29>1,(Q29-AY29)^2*AX29/(AX29-1),0),0) -> 0.0055226507
A30: 237308 | B30: gemma-q4 | C30: message-board | D30: interactive | E30: seen | F30: 1 | G30: finished | H30: 33 | I30: 0 | J30: 0.939394 | K30: 161 | L30: 0 | M30: 1 | N30: =C30&"|"&D30 -> message-board|interactive | O30: =IF(G30="finished",0,1) -> 0 | P30: =IF(O30=0,LN(H30),"") -> 3.4965076 | Q30: =IF(ISNUMBER(K30),IF(K30>0,LN(K30),""),"") -> 5.0814044 | R30: =IF(M30=1,INDEX(Quality!$AF:$AF,MATCH(A30,Quality!$A:$A,0)),"") -> 85.19 | S30: =IF(R30="","",IF(T30=1,0,R30)) -> 85.19 | T30: =IF(M30=1,INDEX(Quality!$AG:$AG,MATCH(A30,Quality!$A:$A,0)),0) -> 0 | U30: =IF(M30=1,INDEX(Quality!$AS:$AS,MATCH(A30,Quality!$A:$A,0)),"") -> 0.75 | V30: 0 | W30: 3.49651 | X30: 5.0814 | Y30: 85.19 | Z30: 0 | AA30: 0.75 | AB30: finished | AC30: 33 | AD30: 0.93939394 | AE30: 161 | AF30: 0 | AG30: 0 | AH30: =IF(AND(G30=AB30,IF(AND(ISNUMBER(H30),ISNUMBER(AC30)),ABS(N(H30)-N(AC30))<=Settings!$B$9*MAX(1,ABS(N(AC30))),AND(H30="",AC30="")),IF(AND(ISNUMBER(J30),ISNUMBER(AD30)),ABS(N(J30)-N(AD30))<=Settings!$B$9*MAX(1,ABS(N(AD30))),AND(J30="",AD30="")),IF(AND(ISNUMBER(K30),ISNUMBER(AE30)),ABS(N(K30)-N(AE30))<=Settings!$B$9*MAX(1,ABS(N(AE30))),AND(K30="",AE30="")),L30=AF30,I30=AG30),"ok","CHECK") -> ok | AI30: =IF(AND(IF(AND(ISNUMBER(O30),ISNUMBER(V30)),ABS(N(O30)-N(V30))<=Settings!$B$9*MAX(1,ABS(N(V30))),AND(O30="",V30="")),IF(AND(ISNUMBER(P30),ISNUMBER(W30)),ABS(N(P30)-N(W30))<=Settings!$B$9*MAX(1,ABS(N(W30))),AND(P30="",W30="")),IF(AND(ISNUMBER(Q30),ISNUMBER(X30)),ABS(N(Q30)-N(X30))<=Settings!$B$9*MAX(1,ABS(N(X30))),AND(Q30="",X30="")),IF(AND(ISNUMBER(R30),ISNUMBER(Y30)),ABS(N(R30)-N(Y30))<=Settings!$B$9*MAX(1,ABS(N(Y30))),AND(R30="",Y30="")),T30=Z30,IF(AND(ISNUMBER(U30),ISNUMBER(AA30)),ABS(N(U30)-N(AA30))<=Settings!$B$9*MAX(1,ABS(N(AA30))),AND(U30="",AA30=""))),"ok","CHECK") -> ok | AK30: =IF(ISNUMBER(P30),1,0) -> 1 | AL30: =COUNTIFS(Runs!$B$2:$B$61,B30,Runs!$E$2:$E$61,E30,Runs!$N$2:$N$61,N30,Runs!$AK$2:$AK$61,1) -> 2 | AM30: =IF(AK30=1,AVERAGEIFS(Runs!$P$2:$P$61,Runs!$B$2:$B$61,B30,Runs!$E$2:$E$61,E30,Runs!$N$2:$N$61,N30,Runs!$AK$2:$AK$61,1),"") -> 3.2204733 | AN30: =IF(AK30=1,IF(AL30>1,(P30-AM30)^2*AL30/(AL30-1),0),0) -> 0.15238986 | AO30: =IF(ISNUMBER(R30),1,0) -> 1 | AP30: =COUNTIFS(Runs!$B$2:$B$61,B30,Runs!$E$2:$E$61,E30,Runs!$N$2:$N$61,N30,Runs!$AO$2:$AO$61,1) -> 2 | AQ30: =IF(AO30=1,AVERAGEIFS(Runs!$R$2:$R$61,Runs!$B$2:$B$61,B30,Runs!$E$2:$E$61,E30,Runs!$N$2:$N$61,N30,Runs!$AO$2:$AO$61,1),"") -> 90.745 | AR30: =IF(AO30=1,IF(AP30>1,(R30-AQ30)^2*AP30/(AP30-1),0),0) -> 61.71605 | AS30: =IF(ISNUMBER(J30),1,0) -> 1 | AT30: =COUNTIFS(Runs!$B$2:$B$61,B30,Runs!$E$2:$E$61,E30,Runs!$N$2:$N$61,N30,Runs!$AS$2:$AS$61,1) -> 2 | AU30: =IF(AS30=1,AVERAGEIFS(Runs!$J$2:$J$61,Runs!$B$2:$B$61,B30,Runs!$E$2:$E$61,E30,Runs!$N$2:$N$61,N30,Runs!$AS$2:$AS$61,1),"") -> 0.969697 | AV30: =IF(AS30=1,IF(AT30>1,(J30-AU30)^2*AT30/(AT30-1),0),0) -> 0.0018365436 | AW30: =IF(ISNUMBER(Q30),1,0) -> 1 | AX30: =COUNTIFS(Runs!$B$2:$B$61,B30,Runs!$E$2:$E$61,E30,Runs!$N$2:$N$61,N30,Runs!$AW$2:$AW$61,1) -> 2 | AY30: =IF(AW30=1,AVERAGEIFS(Runs!$Q$2:$Q$61,Runs!$B$2:$B$61,B30,Runs!$E$2:$E$61,E30,Runs!$N$2:$N$61,N30,Runs!$AW$2:$AW$61,1),"") -> 4.9467944 | AZ30: =IF(AW30=1,IF(AX30>1,(Q30-AY30)^2*AX30/(AX30-1),0),0) -> 0.036239707
A31: 419260 | B31: gemma-q4 | C31: message-board | D31: interactive | E31: seen | F31: 2 | G31: finished | H31: 19 | I31: 0 | J31: 1 | K31: 123 | L31: 0 | M31: 1 | N31: =C31&"|"&D31 -> message-board|interactive | O31: =IF(G31="finished",0,1) -> 0 | P31: =IF(O31=0,LN(H31),"") -> 2.944439 | Q31: =IF(ISNUMBER(K31),IF(K31>0,LN(K31),""),"") -> 4.8121844 | R31: =IF(M31=1,INDEX(Quality!$AF:$AF,MATCH(A31,Quality!$A:$A,0)),"") -> 96.3 | S31: =IF(R31="","",IF(T31=1,0,R31)) -> 96.3 | T31: =IF(M31=1,INDEX(Quality!$AG:$AG,MATCH(A31,Quality!$A:$A,0)),0) -> 0 | U31: =IF(M31=1,INDEX(Quality!$AS:$AS,MATCH(A31,Quality!$A:$A,0)),"") -> 0.5 | V31: 0 | W31: 2.94444 | X31: 4.81218 | Y31: 96.3 | Z31: 0 | AA31: 0.5 | AB31: finished | AC31: 19 | AD31: 1 | AE31: 123 | AF31: 0 | AG31: 0 | AH31: =IF(AND(G31=AB31,IF(AND(ISNUMBER(H31),ISNUMBER(AC31)),ABS(N(H31)-N(AC31))<=Settings!$B$9*MAX(1,ABS(N(AC31))),AND(H31="",AC31="")),IF(AND(ISNUMBER(J31),ISNUMBER(AD31)),ABS(N(J31)-N(AD31))<=Settings!$B$9*MAX(1,ABS(N(AD31))),AND(J31="",AD31="")),IF(AND(ISNUMBER(K31),ISNUMBER(AE31)),ABS(N(K31)-N(AE31))<=Settings!$B$9*MAX(1,ABS(N(AE31))),AND(K31="",AE31="")),L31=AF31,I31=AG31),"ok","CHECK") -> ok | AI31: =IF(AND(IF(AND(ISNUMBER(O31),ISNUMBER(V31)),ABS(N(O31)-N(V31))<=Settings!$B$9*MAX(1,ABS(N(V31))),AND(O31="",V31="")),IF(AND(ISNUMBER(P31),ISNUMBER(W31)),ABS(N(P31)-N(W31))<=Settings!$B$9*MAX(1,ABS(N(W31))),AND(P31="",W31="")),IF(AND(ISNUMBER(Q31),ISNUMBER(X31)),ABS(N(Q31)-N(X31))<=Settings!$B$9*MAX(1,ABS(N(X31))),AND(Q31="",X31="")),IF(AND(ISNUMBER(R31),ISNUMBER(Y31)),ABS(N(R31)-N(Y31))<=Settings!$B$9*MAX(1,ABS(N(Y31))),AND(R31="",Y31="")),T31=Z31,IF(AND(ISNUMBER(U31),ISNUMBER(AA31)),ABS(N(U31)-N(AA31))<=Settings!$B$9*MAX(1,ABS(N(AA31))),AND(U31="",AA31=""))),"ok","CHECK") -> ok | AK31: =IF(ISNUMBER(P31),1,0) -> 1 | AL31: =COUNTIFS(Runs!$B$2:$B$61,B31,Runs!$E$2:$E$61,E31,Runs!$N$2:$N$61,N31,Runs!$AK$2:$AK$61,1) -> 2 | AM31: =IF(AK31=1,AVERAGEIFS(Runs!$P$2:$P$61,Runs!$B$2:$B$61,B31,Runs!$E$2:$E$61,E31,Runs!$N$2:$N$61,N31,Runs!$AK$2:$AK$61,1),"") -> 3.2204733 | AN31: =IF(AK31=1,IF(AL31>1,(P31-AM31)^2*AL31/(AL31-1),0),0) -> 0.15238986 | AO31: =IF(ISNUMBER(R31),1,0) -> 1 | AP31: =COUNTIFS(Runs!$B$2:$B$61,B31,Runs!$E$2:$E$61,E31,Runs!$N$2:$N$61,N31,Runs!$AO$2:$AO$61,1) -> 2 | AQ31: =IF(AO31=1,AVERAGEIFS(Runs!$R$2:$R$61,Runs!$B$2:$B$61,B31,Runs!$E$2:$E$61,E31,Runs!$N$2:$N$61,N31,Runs!$AO$2:$AO$61,1),"") -> 90.745 | AR31: =IF(AO31=1,IF(AP31>1,(R31-AQ31)^2*AP31/(AP31-1),0),0) -> 61.71605 | AS31: =IF(ISNUMBER(J31),1,0) -> 1 | AT31: =COUNTIFS(Runs!$B$2:$B$61,B31,Runs!$E$2:$E$61,E31,Runs!$N$2:$N$61,N31,Runs!$AS$2:$AS$61,1) -> 2 | AU31: =IF(AS31=1,AVERAGEIFS(Runs!$J$2:$J$61,Runs!$B$2:$B$61,B31,Runs!$E$2:$E$61,E31,Runs!$N$2:$N$61,N31,Runs!$AS$2:$AS$61,1),"") -> 0.969697 | AV31: =IF(AS31=1,IF(AT31>1,(J31-AU31)^2*AT31/(AT31-1),0),0) -> 0.0018365436 | AW31: =IF(ISNUMBER(Q31),1,0) -> 1 | AX31: =COUNTIFS(Runs!$B$2:$B$61,B31,Runs!$E$2:$E$61,E31,Runs!$N$2:$N$61,N31,Runs!$AW$2:$AW$61,1) -> 2 | AY31: =IF(AW31=1,AVERAGEIFS(Runs!$Q$2:$Q$61,Runs!$B$2:$B$61,B31,Runs!$E$2:$E$61,E31,Runs!$N$2:$N$61,N31,Runs!$AW$2:$AW$61,1),"") -> 4.9467944 | AZ31: =IF(AW31=1,IF(AX31>1,(Q31-AY31)^2*AX31/(AX31-1),0),0) -> 0.036239707
A32: 462617 | B32: gemma-q4 | C32: message-board | D32: no_verification | E32: off | F32: 1 | G32: context_overflow | H32: 115 | I32: 0 | J32: 0 | L32: 0 | M32: 1 | N32: =C32&"|"&D32 -> message-board|no_verification | O32: =IF(G32="finished",0,1) -> 1 | P32: =IF(O32=0,LN(H32),"") | Q32: =IF(ISNUMBER(K32),IF(K32>0,LN(K32),""),"") | R32: =IF(M32=1,INDEX(Quality!$AF:$AF,MATCH(A32,Quality!$A:$A,0)),"") -> 92.59 | S32: =IF(R32="","",IF(T32=1,0,R32)) -> 92.59 | T32: =IF(M32=1,INDEX(Quality!$AG:$AG,MATCH(A32,Quality!$A:$A,0)),0) -> 0 | U32: =IF(M32=1,INDEX(Quality!$AS:$AS,MATCH(A32,Quality!$A:$A,0)),"") -> 0.5 | V32: 1 | Y32: 92.59 | Z32: 0 | AA32: 0.5 | AB32: context_overflow | AC32: 115 | AD32: 0 | AF32: 0 | AG32: 0 | AH32: =IF(AND(G32=AB32,IF(AND(ISNUMBER(H32),ISNUMBER(AC32)),ABS(N(H32)-N(AC32))<=Settings!$B$9*MAX(1,ABS(N(AC32))),AND(H32="",AC32="")),IF(AND(ISNUMBER(J32),ISNUMBER(AD32)),ABS(N(J32)-N(AD32))<=Settings!$B$9*MAX(1,ABS(N(AD32))),AND(J32="",AD32="")),IF(AND(ISNUMBER(K32),ISNUMBER(AE32)),ABS(N(K32)-N(AE32))<=Settings!$B$9*MAX(1,ABS(N(AE32))),AND(K32="",AE32="")),L32=AF32,I32=AG32),"ok","CHECK") -> ok | AI32: =IF(AND(IF(AND(ISNUMBER(O32),ISNUMBER(V32)),ABS(N(O32)-N(V32))<=Settings!$B$9*MAX(1,ABS(N(V32))),AND(O32="",V32="")),IF(AND(ISNUMBER(P32),ISNUMBER(W32)),ABS(N(P32)-N(W32))<=Settings!$B$9*MAX(1,ABS(N(W32))),AND(P32="",W32="")),IF(AND(ISNUMBER(Q32),ISNUMBER(X32)),ABS(N(Q32)-N(X32))<=Settings!$B$9*MAX(1,ABS(N(X32))),AND(Q32="",X32="")),IF(AND(ISNUMBER(R32),ISNUMBER(Y32)),ABS(N(R32)-N(Y32))<=Settings!$B$9*MAX(1,ABS(N(Y32))),AND(R32="",Y32="")),T32=Z32,IF(AND(ISNUMBER(U32),ISNUMBER(AA32)),ABS(N(U32)-N(AA32))<=Settings!$B$9*MAX(1,ABS(N(AA32))),AND(U32="",AA32=""))),"ok","CHECK") -> ok | AK32: =IF(ISNUMBER(P32),1,0) -> 0 | AL32: =COUNTIFS(Runs!$B$2:$B$61,B32,Runs!$E$2:$E$61,E32,Runs!$N$2:$N$61,N32,Runs!$AK$2:$AK$61,1) -> 1 | AM32: =IF(AK32=1,AVERAGEIFS(Runs!$P$2:$P$61,Runs!$B$2:$B$61,B32,Runs!$E$2:$E$61,E32,Runs!$N$2:$N$61,N32,Runs!$AK$2:$AK$61,1),"") | AN32: =IF(AK32=1,IF(AL32>1,(P32-AM32)^2*AL32/(AL32-1),0),0) -> 0 | AO32: =IF(ISNUMBER(R32),1,0) -> 1 | AP32: =COUNTIFS(Runs!$B$2:$B$61,B32,Runs!$E$2:$E$61,E32,Runs!$N$2:$N$61,N32,Runs!$AO$2:$AO$61,1) -> 2 | AQ32: =IF(AO32=1,AVERAGEIFS(Runs!$R$2:$R$61,Runs!$B$2:$B$61,B32,Runs!$E$2:$E$61,E32,Runs!$N$2:$N$61,N32,Runs!$AO$2:$AO$61,1),"") -> 94.445 | AR32: =IF(AO32=1,IF(AP32>1,(R32-AQ32)^2*AP32/(AP32-1),0),0) -> 6.88205 | AS32: =IF(ISNUMBER(J32),1,0) -> 1 | AT32: =COUNTIFS(Runs!$B$2:$B$61,B32,Runs!$E$2:$E$61,E32,Runs!$N$2:$N$61,N32,Runs!$AS$2:$AS$61,1) -> 2 | AU32: =IF(AS32=1,AVERAGEIFS(Runs!$J$2:$J$61,Runs!$B$2:$B$61,B32,Runs!$E$2:$E$61,E32,Runs!$N$2:$N$61,N32,Runs!$AS$2:$AS$61,1),"") -> 0 | AV32: =IF(AS32=1,IF(AT32>1,(J32-AU32)^2*AT32/(AT32-1),0),0) -> 0 | AW32: =IF(ISNUMBER(Q32),1,0) -> 0 | AX32: =COUNTIFS(Runs!$B$2:$B$61,B32,Runs!$E$2:$E$61,E32,Runs!$N$2:$N$61,N32,Runs!$AW$2:$AW$61,1) -> 0 | AY32: =IF(AW32=1,AVERAGEIFS(Runs!$Q$2:$Q$61,Runs!$B$2:$B$61,B32,Runs!$E$2:$E$61,E32,Runs!$N$2:$N$61,N32,Runs!$AW$2:$AW$61,1),"") | AZ32: =IF(AW32=1,IF(AX32>1,(Q32-AY32)^2*AX32/(AX32-1),0),0) -> 0
A33: 466517 | B33: gemma-q4 | C33: message-board | D33: no_verification | E33: off | F33: 2 | G33: finished | H33: 87 | I33: 0 | J33: 0 | L33: 0 | M33: 1 | N33: =C33&"|"&D33 -> message-board|no_verification | O33: =IF(G33="finished",0,1) -> 0 | P33: =IF(O33=0,LN(H33),"") -> 4.4659081 | Q33: =IF(ISNUMBER(K33),IF(K33>0,LN(K33),""),"") | R33: =IF(M33=1,INDEX(Quality!$AF:$AF,MATCH(A33,Quality!$A:$A,0)),"") -> 96.3 | S33: =IF(R33="","",IF(T33=1,0,R33)) -> 96.3 | T33: =IF(M33=1,INDEX(Quality!$AG:$AG,MATCH(A33,Quality!$A:$A,0)),0) -> 0 | U33: =IF(M33=1,INDEX(Quality!$AS:$AS,MATCH(A33,Quality!$A:$A,0)),"") -> 0.75 | V33: 0 | W33: 4.46591 | Y33: 96.3 | Z33: 0 | AA33: 0.75 | AB33: finished | AC33: 87 | AD33: 0 | AF33: 0 | AG33: 0 | AH33: =IF(AND(G33=AB33,IF(AND(ISNUMBER(H33),ISNUMBER(AC33)),ABS(N(H33)-N(AC33))<=Settings!$B$9*MAX(1,ABS(N(AC33))),AND(H33="",AC33="")),IF(AND(ISNUMBER(J33),ISNUMBER(AD33)),ABS(N(J33)-N(AD33))<=Settings!$B$9*MAX(1,ABS(N(AD33))),AND(J33="",AD33="")),IF(AND(ISNUMBER(K33),ISNUMBER(AE33)),ABS(N(K33)-N(AE33))<=Settings!$B$9*MAX(1,ABS(N(AE33))),AND(K33="",AE33="")),L33=AF33,I33=AG33),"ok","CHECK") -> ok | AI33: =IF(AND(IF(AND(ISNUMBER(O33),ISNUMBER(V33)),ABS(N(O33)-N(V33))<=Settings!$B$9*MAX(1,ABS(N(V33))),AND(O33="",V33="")),IF(AND(ISNUMBER(P33),ISNUMBER(W33)),ABS(N(P33)-N(W33))<=Settings!$B$9*MAX(1,ABS(N(W33))),AND(P33="",W33="")),IF(AND(ISNUMBER(Q33),ISNUMBER(X33)),ABS(N(Q33)-N(X33))<=Settings!$B$9*MAX(1,ABS(N(X33))),AND(Q33="",X33="")),IF(AND(ISNUMBER(R33),ISNUMBER(Y33)),ABS(N(R33)-N(Y33))<=Settings!$B$9*MAX(1,ABS(N(Y33))),AND(R33="",Y33="")),T33=Z33,IF(AND(ISNUMBER(U33),ISNUMBER(AA33)),ABS(N(U33)-N(AA33))<=Settings!$B$9*MAX(1,ABS(N(AA33))),AND(U33="",AA33=""))),"ok","CHECK") -> ok | AK33: =IF(ISNUMBER(P33),1,0) -> 1 | AL33: =COUNTIFS(Runs!$B$2:$B$61,B33,Runs!$E$2:$E$61,E33,Runs!$N$2:$N$61,N33,Runs!$AK$2:$AK$61,1) -> 1 | AM33: =IF(AK33=1,AVERAGEIFS(Runs!$P$2:$P$61,Runs!$B$2:$B$61,B33,Runs!$E$2:$E$61,E33,Runs!$N$2:$N$61,N33,Runs!$AK$2:$AK$61,1),"") -> 4.4659081 | AN33: =IF(AK33=1,IF(AL33>1,(P33-AM33)^2*AL33/(AL33-1),0),0) -> 0 | AO33: =IF(ISNUMBER(R33),1,0) -> 1 | AP33: =COUNTIFS(Runs!$B$2:$B$61,B33,Runs!$E$2:$E$61,E33,Runs!$N$2:$N$61,N33,Runs!$AO$2:$AO$61,1) -> 2 | AQ33: =IF(AO33=1,AVERAGEIFS(Runs!$R$2:$R$61,Runs!$B$2:$B$61,B33,Runs!$E$2:$E$61,E33,Runs!$N$2:$N$61,N33,Runs!$AO$2:$AO$61,1),"") -> 94.445 | AR33: =IF(AO33=1,IF(AP33>1,(R33-AQ33)^2*AP33/(AP33-1),0),0) -> 6.88205 | AS33: =IF(ISNUMBER(J33),1,0) -> 1 | AT33: =COUNTIFS(Runs!$B$2:$B$61,B33,Runs!$E$2:$E$61,E33,Runs!$N$2:$N$61,N33,Runs!$AS$2:$AS$61,1) -> 2 | AU33: =IF(AS33=1,AVERAGEIFS(Runs!$J$2:$J$61,Runs!$B$2:$B$61,B33,Runs!$E$2:$E$61,E33,Runs!$N$2:$N$61,N33,Runs!$AS$2:$AS$61,1),"") -> 0 | AV33: =IF(AS33=1,IF(AT33>1,(J33-AU33)^2*AT33/(AT33-1),0),0) -> 0 | AW33: =IF(ISNUMBER(Q33),1,0) -> 0 | AX33: =COUNTIFS(Runs!$B$2:$B$61,B33,Runs!$E$2:$E$61,E33,Runs!$N$2:$N$61,N33,Runs!$AW$2:$AW$61,1) -> 0 | AY33: =IF(AW33=1,AVERAGEIFS(Runs!$Q$2:$Q$61,Runs!$B$2:$B$61,B33,Runs!$E$2:$E$61,E33,Runs!$N$2:$N$61,N33,Runs!$AW$2:$AW$61,1),"") | AZ33: =IF(AW33=1,IF(AX33>1,(Q33-AY33)^2*AX33/(AX33-1),0),0) -> 0
A34: 818793 | B34: gemma-q4 | C34: message-board | D34: no_verification | E34: unseen | F34: 1 | G34: finished | H34: 208 | I34: 0 | J34: 0.774038 | K34: 394 | L34: 0 | M34: 1 | N34: =C34&"|"&D34 -> message-board|no_verification | O34: =IF(G34="finished",0,1) -> 0 | P34: =IF(O34=0,LN(H34),"") -> 5.3375381 | Q34: =IF(ISNUMBER(K34),IF(K34>0,LN(K34),""),"") -> 5.9763509 | R34: =IF(M34=1,INDEX(Quality!$AF:$AF,MATCH(A34,Quality!$A:$A,0)),"") -> 0 | S34: =IF(R34="","",IF(T34=1,0,R34)) -> 0 | T34: =IF(M34=1,INDEX(Quality!$AG:$AG,MATCH(A34,Quality!$A:$A,0)),0) -> 0 | U34: =IF(M34=1,INDEX(Quality!$AS:$AS,MATCH(A34,Quality!$A:$A,0)),"") -> 0.75 | V34: 0 | W34: 5.33754 | X34: 5.97635 | Y34: 0 | Z34: 0 | AA34: 0.75 | AB34: finished | AC34: 208 | AD34: 0.77403846 | AE34: 394 | AF34: 0 | AG34: 0 | AH34: =IF(AND(G34=AB34,IF(AND(ISNUMBER(H34),ISNUMBER(AC34)),ABS(N(H34)-N(AC34))<=Settings!$B$9*MAX(1,ABS(N(AC34))),AND(H34="",AC34="")),IF(AND(ISNUMBER(J34),ISNUMBER(AD34)),ABS(N(J34)-N(AD34))<=Settings!$B$9*MAX(1,ABS(N(AD34))),AND(J34="",AD34="")),IF(AND(ISNUMBER(K34),ISNUMBER(AE34)),ABS(N(K34)-N(AE34))<=Settings!$B$9*MAX(1,ABS(N(AE34))),AND(K34="",AE34="")),L34=AF34,I34=AG34),"ok","CHECK") -> ok | AI34: =IF(AND(IF(AND(ISNUMBER(O34),ISNUMBER(V34)),ABS(N(O34)-N(V34))<=Settings!$B$9*MAX(1,ABS(N(V34))),AND(O34="",V34="")),IF(AND(ISNUMBER(P34),ISNUMBER(W34)),ABS(N(P34)-N(W34))<=Settings!$B$9*MAX(1,ABS(N(W34))),AND(P34="",W34="")),IF(AND(ISNUMBER(Q34),ISNUMBER(X34)),ABS(N(Q34)-N(X34))<=Settings!$B$9*MAX(1,ABS(N(X34))),AND(Q34="",X34="")),IF(AND(ISNUMBER(R34),ISNUMBER(Y34)),ABS(N(R34)-N(Y34))<=Settings!$B$9*MAX(1,ABS(N(Y34))),AND(R34="",Y34="")),T34=Z34,IF(AND(ISNUMBER(U34),ISNUMBER(AA34)),ABS(N(U34)-N(AA34))<=Settings!$B$9*MAX(1,ABS(N(AA34))),AND(U34="",AA34=""))),"ok","CHECK") -> ok | AK34: =IF(ISNUMBER(P34),1,0) -> 1 | AL34: =COUNTIFS(Runs!$B$2:$B$61,B34,Runs!$E$2:$E$61,E34,Runs!$N$2:$N$61,N34,Runs!$AK$2:$AK$61,1) -> 2 | AM34: =IF(AK34=1,AVERAGEIFS(Runs!$P$2:$P$61,Runs!$B$2:$B$61,B34,Runs!$E$2:$E$61,E34,Runs!$N$2:$N$61,N34,Runs!$AK$2:$AK$61,1),"") -> 4.6247805 | AN34: =IF(AK34=1,IF(AL34>1,(P34-AM34)^2*AL34/(AL34-1),0),0) -> 1.0160466 | AO34: =IF(ISNUMBER(R34),1,0) -> 1 | AP34: =COUNTIFS(Runs!$B$2:$B$61,B34,Runs!$E$2:$E$61,E34,Runs!$N$2:$N$61,N34,Runs!$AO$2:$AO$61,1) -> 2 | AQ34: =IF(AO34=1,AVERAGEIFS(Runs!$R$2:$R$61,Runs!$B$2:$B$61,B34,Runs!$E$2:$E$61,E34,Runs!$N$2:$N$61,N34,Runs!$AO$2:$AO$61,1),"") -> 50 | AR34: =IF(AO34=1,IF(AP34>1,(R34-AQ34)^2*AP34/(AP34-1),0),0) -> 5000 | AS34: =IF(ISNUMBER(J34),1,0) -> 1 | AT34: =COUNTIFS(Runs!$B$2:$B$61,B34,Runs!$E$2:$E$61,E34,Runs!$N$2:$N$61,N34,Runs!$AS$2:$AS$61,1) -> 2 | AU34: =IF(AS34=1,AVERAGEIFS(Runs!$J$2:$J$61,Runs!$B$2:$B$61,B34,Runs!$E$2:$E$61,E34,Runs!$N$2:$N$61,N34,Runs!$AS$2:$AS$61,1),"") -> 0.807019 | AV34: =IF(AS34=1,IF(AT34>1,(J34-AU34)^2*AT34/(AT34-1),0),0) -> 0.0021754927 | AW34: =IF(ISNUMBER(Q34),1,0) -> 1 | AX34: =COUNTIFS(Runs!$B$2:$B$61,B34,Runs!$E$2:$E$61,E34,Runs!$N$2:$N$61,N34,Runs!$AW$2:$AW$61,1) -> 2 | AY34: =IF(AW34=1,AVERAGEIFS(Runs!$Q$2:$Q$61,Runs!$B$2:$B$61,B34,Runs!$E$2:$E$61,E34,Runs!$N$2:$N$61,N34,Runs!$AW$2:$AW$61,1),"") -> 5.969322 | AZ34: =IF(AW34=1,IF(AX34>1,(Q34-AY34)^2*AX34/(AX34-1),0),0) -> 9.881002e-05
A35: 724351 | B35: gemma-q4 | C35: message-board | D35: no_verification | E35: unseen | F35: 2 | G35: finished | H35: 50 | I35: 0 | J35: 0.84 | K35: 388.5 | L35: 1 | M35: 1 | N35: =C35&"|"&D35 -> message-board|no_verification | O35: =IF(G35="finished",0,1) -> 0 | P35: =IF(O35=0,LN(H35),"") -> 3.912023 | Q35: =IF(ISNUMBER(K35),IF(K35>0,LN(K35),""),"") -> 5.9622932 | R35: =IF(M35=1,INDEX(Quality!$AF:$AF,MATCH(A35,Quality!$A:$A,0)),"") -> 100 | S35: =IF(R35="","",IF(T35=1,0,R35)) -> 100 | T35: =IF(M35=1,INDEX(Quality!$AG:$AG,MATCH(A35,Quality!$A:$A,0)),0) -> 0 | U35: =IF(M35=1,INDEX(Quality!$AS:$AS,MATCH(A35,Quality!$A:$A,0)),"") -> 0.5 | V35: 0 | W35: 3.91202 | X35: 5.96229 | Y35: 100 | Z35: 0 | AA35: 0.5 | AB35: finished | AC35: 50 | AD35: 0.84 | AE35: 388.5 | AF35: 1 | AG35: 0 | AH35: =IF(AND(G35=AB35,IF(AND(ISNUMBER(H35),ISNUMBER(AC35)),ABS(N(H35)-N(AC35))<=Settings!$B$9*MAX(1,ABS(N(AC35))),AND(H35="",AC35="")),IF(AND(ISNUMBER(J35),ISNUMBER(AD35)),ABS(N(J35)-N(AD35))<=Settings!$B$9*MAX(1,ABS(N(AD35))),AND(J35="",AD35="")),IF(AND(ISNUMBER(K35),ISNUMBER(AE35)),ABS(N(K35)-N(AE35))<=Settings!$B$9*MAX(1,ABS(N(AE35))),AND(K35="",AE35="")),L35=AF35,I35=AG35),"ok","CHECK") -> ok | AI35: =IF(AND(IF(AND(ISNUMBER(O35),ISNUMBER(V35)),ABS(N(O35)-N(V35))<=Settings!$B$9*MAX(1,ABS(N(V35))),AND(O35="",V35="")),IF(AND(ISNUMBER(P35),ISNUMBER(W35)),ABS(N(P35)-N(W35))<=Settings!$B$9*MAX(1,ABS(N(W35))),AND(P35="",W35="")),IF(AND(ISNUMBER(Q35),ISNUMBER(X35)),ABS(N(Q35)-N(X35))<=Settings!$B$9*MAX(1,ABS(N(X35))),AND(Q35="",X35="")),IF(AND(ISNUMBER(R35),ISNUMBER(Y35)),ABS(N(R35)-N(Y35))<=Settings!$B$9*MAX(1,ABS(N(Y35))),AND(R35="",Y35="")),T35=Z35,IF(AND(ISNUMBER(U35),ISNUMBER(AA35)),ABS(N(U35)-N(AA35))<=Settings!$B$9*MAX(1,ABS(N(AA35))),AND(U35="",AA35=""))),"ok","CHECK") -> ok | AK35: =IF(ISNUMBER(P35),1,0) -> 1 | AL35: =COUNTIFS(Runs!$B$2:$B$61,B35,Runs!$E$2:$E$61,E35,Runs!$N$2:$N$61,N35,Runs!$AK$2:$AK$61,1) -> 2 | AM35: =IF(AK35=1,AVERAGEIFS(Runs!$P$2:$P$61,Runs!$B$2:$B$61,B35,Runs!$E$2:$E$61,E35,Runs!$N$2:$N$61,N35,Runs!$AK$2:$AK$61,1),"") -> 4.6247805 | AN35: =IF(AK35=1,IF(AL35>1,(P35-AM35)^2*AL35/(AL35-1),0),0) -> 1.0160466 | AO35: =IF(ISNUMBER(R35),1,0) -> 1 | AP35: =COUNTIFS(Runs!$B$2:$B$61,B35,Runs!$E$2:$E$61,E35,Runs!$N$2:$N$61,N35,Runs!$AO$2:$AO$61,1) -> 2 | AQ35: =IF(AO35=1,AVERAGEIFS(Runs!$R$2:$R$61,Runs!$B$2:$B$61,B35,Runs!$E$2:$E$61,E35,Runs!$N$2:$N$61,N35,Runs!$AO$2:$AO$61,1),"") -> 50 | AR35: =IF(AO35=1,IF(AP35>1,(R35-AQ35)^2*AP35/(AP35-1),0),0) -> 5000 | AS35: =IF(ISNUMBER(J35),1,0) -> 1 | AT35: =COUNTIFS(Runs!$B$2:$B$61,B35,Runs!$E$2:$E$61,E35,Runs!$N$2:$N$61,N35,Runs!$AS$2:$AS$61,1) -> 2 | AU35: =IF(AS35=1,AVERAGEIFS(Runs!$J$2:$J$61,Runs!$B$2:$B$61,B35,Runs!$E$2:$E$61,E35,Runs!$N$2:$N$61,N35,Runs!$AS$2:$AS$61,1),"") -> 0.807019 | AV35: =IF(AS35=1,IF(AT35>1,(J35-AU35)^2*AT35/(AT35-1),0),0) -> 0.0021754927 | AW35: =IF(ISNUMBER(Q35),1,0) -> 1 | AX35: =COUNTIFS(Runs!$B$2:$B$61,B35,Runs!$E$2:$E$61,E35,Runs!$N$2:$N$61,N35,Runs!$AW$2:$AW$61,1) -> 2 | AY35: =IF(AW35=1,AVERAGEIFS(Runs!$Q$2:$Q$61,Runs!$B$2:$B$61,B35,Runs!$E$2:$E$61,E35,Runs!$N$2:$N$61,N35,Runs!$AW$2:$AW$61,1),"") -> 5.969322 | AZ35: =IF(AW35=1,IF(AX35>1,(Q35-AY35)^2*AX35/(AX35-1),0),0) -> 9.881002e-05
A36: 456084 | B36: gemma-q4 | C36: message-board | D36: no_verification | E36: seen | F36: 1 | G36: finished | H36: 37 | I36: 0 | J36: 1 | K36: 127 | L36: 0 | M36: 1 | N36: =C36&"|"&D36 -> message-board|no_verification | O36: =IF(G36="finished",0,1) -> 0 | P36: =IF(O36=0,LN(H36),"") -> 3.6109179 | Q36: =IF(ISNUMBER(K36),IF(K36>0,LN(K36),""),"") -> 4.8441871 | R36: =IF(M36=1,INDEX(Quality!$AF:$AF,MATCH(A36,Quality!$A:$A,0)),"") -> 96.3 | S36: =IF(R36="","",IF(T36=1,0,R36)) -> 0 | T36: =IF(M36=1,INDEX(Quality!$AG:$AG,MATCH(A36,Quality!$A:$A,0)),0) -> 1 | U36: =IF(M36=1,INDEX(Quality!$AS:$AS,MATCH(A36,Quality!$A:$A,0)),"") -> 0.5 | V36: 0 | W36: 3.61092 | X36: 4.84419 | Y36: 96.3 | Z36: 1 | AA36: 0.5 | AB36: finished | AC36: 37 | AD36: 1 | AE36: 127 | AF36: 0 | AG36: 0 | AH36: =IF(AND(G36=AB36,IF(AND(ISNUMBER(H36),ISNUMBER(AC36)),ABS(N(H36)-N(AC36))<=Settings!$B$9*MAX(1,ABS(N(AC36))),AND(H36="",AC36="")),IF(AND(ISNUMBER(J36),ISNUMBER(AD36)),ABS(N(J36)-N(AD36))<=Settings!$B$9*MAX(1,ABS(N(AD36))),AND(J36="",AD36="")),IF(AND(ISNUMBER(K36),ISNUMBER(AE36)),ABS(N(K36)-N(AE36))<=Settings!$B$9*MAX(1,ABS(N(AE36))),AND(K36="",AE36="")),L36=AF36,I36=AG36),"ok","CHECK") -> ok | AI36: =IF(AND(IF(AND(ISNUMBER(O36),ISNUMBER(V36)),ABS(N(O36)-N(V36))<=Settings!$B$9*MAX(1,ABS(N(V36))),AND(O36="",V36="")),IF(AND(ISNUMBER(P36),ISNUMBER(W36)),ABS(N(P36)-N(W36))<=Settings!$B$9*MAX(1,ABS(N(W36))),AND(P36="",W36="")),IF(AND(ISNUMBER(Q36),ISNUMBER(X36)),ABS(N(Q36)-N(X36))<=Settings!$B$9*MAX(1,ABS(N(X36))),AND(Q36="",X36="")),IF(AND(ISNUMBER(R36),ISNUMBER(Y36)),ABS(N(R36)-N(Y36))<=Settings!$B$9*MAX(1,ABS(N(Y36))),AND(R36="",Y36="")),T36=Z36,IF(AND(ISNUMBER(U36),ISNUMBER(AA36)),ABS(N(U36)-N(AA36))<=Settings!$B$9*MAX(1,ABS(N(AA36))),AND(U36="",AA36=""))),"ok","CHECK") -> ok | AK36: =IF(ISNUMBER(P36),1,0) -> 1 | AL36: =COUNTIFS(Runs!$B$2:$B$61,B36,Runs!$E$2:$E$61,E36,Runs!$N$2:$N$61,N36,Runs!$AK$2:$AK$61,1) -> 2 | AM36: =IF(AK36=1,AVERAGEIFS(Runs!$P$2:$P$61,Runs!$B$2:$B$61,B36,Runs!$E$2:$E$61,E36,Runs!$N$2:$N$61,N36,Runs!$AK$2:$AK$61,1),"") -> 3.5537127 | AN36: =IF(AK36=1,IF(AL36>1,(P36-AM36)^2*AL36/(AL36-1),0),0) -> 0.0065448642 | AO36: =IF(ISNUMBER(R36),1,0) -> 1 | AP36: =COUNTIFS(Runs!$B$2:$B$61,B36,Runs!$E$2:$E$61,E36,Runs!$N$2:$N$61,N36,Runs!$AO$2:$AO$61,1) -> 2 | AQ36: =IF(AO36=1,AVERAGEIFS(Runs!$R$2:$R$61,Runs!$B$2:$B$61,B36,Runs!$E$2:$E$61,E36,Runs!$N$2:$N$61,N36,Runs!$AO$2:$AO$61,1),"") -> 92.595 | AR36: =IF(AO36=1,IF(AP36>1,(R36-AQ36)^2*AP36/(AP36-1),0),0) -> 27.45405 | AS36: =IF(ISNUMBER(J36),1,0) -> 1 | AT36: =COUNTIFS(Runs!$B$2:$B$61,B36,Runs!$E$2:$E$61,E36,Runs!$N$2:$N$61,N36,Runs!$AS$2:$AS$61,1) -> 2 | AU36: =IF(AS36=1,AVERAGEIFS(Runs!$J$2:$J$61,Runs!$B$2:$B$61,B36,Runs!$E$2:$E$61,E36,Runs!$N$2:$N$61,N36,Runs!$AS$2:$AS$61,1),"") -> 1 | AV36: =IF(AS36=1,IF(AT36>1,(J36-AU36)^2*AT36/(AT36-1),0),0) -> 0 | AW36: =IF(ISNUMBER(Q36),1,0) -> 1 | AX36: =COUNTIFS(Runs!$B$2:$B$61,B36,Runs!$E$2:$E$61,E36,Runs!$N$2:$N$61,N36,Runs!$AW$2:$AW$61,1) -> 2 | AY36: =IF(AW36=1,AVERAGEIFS(Runs!$Q$2:$Q$61,Runs!$B$2:$B$61,B36,Runs!$E$2:$E$61,E36,Runs!$N$2:$N$61,N36,Runs!$AW$2:$AW$61,1),"") -> 4.9533911 | AZ36: =IF(AW36=1,IF(AX36>1,(Q36-AY36)^2*AX36/(AX36-1),0),0) -> 0.023851016
A37: 411973 | B37: gemma-q4 | C37: message-board | D37: no_verification | E37: seen | F37: 2 | G37: finished | H37: 33 | I37: 0 | J37: 1 | K37: 158 | L37: 0 | M37: 1 | N37: =C37&"|"&D37 -> message-board|no_verification | O37: =IF(G37="finished",0,1) -> 0 | P37: =IF(O37=0,LN(H37),"") -> 3.4965076 | Q37: =IF(ISNUMBER(K37),IF(K37>0,LN(K37),""),"") -> 5.062595 | R37: =IF(M37=1,INDEX(Quality!$AF:$AF,MATCH(A37,Quality!$A:$A,0)),"") -> 88.89 | S37: =IF(R37="","",IF(T37=1,0,R37)) -> 0 | T37: =IF(M37=1,INDEX(Quality!$AG:$AG,MATCH(A37,Quality!$A:$A,0)),0) -> 1 | U37: =IF(M37=1,INDEX(Quality!$AS:$AS,MATCH(A37,Quality!$A:$A,0)),"") -> 0.75 | V37: 0 | W37: 3.49651 | X37: 5.0626 | Y37: 88.89 | Z37: 1 | AA37: 0.75 | AB37: finished | AC37: 33 | AD37: 1 | AE37: 158 | AF37: 0 | AG37: 0 | AH37: =IF(AND(G37=AB37,IF(AND(ISNUMBER(H37),ISNUMBER(AC37)),ABS(N(H37)-N(AC37))<=Settings!$B$9*MAX(1,ABS(N(AC37))),AND(H37="",AC37="")),IF(AND(ISNUMBER(J37),ISNUMBER(AD37)),ABS(N(J37)-N(AD37))<=Settings!$B$9*MAX(1,ABS(N(AD37))),AND(J37="",AD37="")),IF(AND(ISNUMBER(K37),ISNUMBER(AE37)),ABS(N(K37)-N(AE37))<=Settings!$B$9*MAX(1,ABS(N(AE37))),AND(K37="",AE37="")),L37=AF37,I37=AG37),"ok","CHECK") -> ok | AI37: =IF(AND(IF(AND(ISNUMBER(O37),ISNUMBER(V37)),ABS(N(O37)-N(V37))<=Settings!$B$9*MAX(1,ABS(N(V37))),AND(O37="",V37="")),IF(AND(ISNUMBER(P37),ISNUMBER(W37)),ABS(N(P37)-N(W37))<=Settings!$B$9*MAX(1,ABS(N(W37))),AND(P37="",W37="")),IF(AND(ISNUMBER(Q37),ISNUMBER(X37)),ABS(N(Q37)-N(X37))<=Settings!$B$9*MAX(1,ABS(N(X37))),AND(Q37="",X37="")),IF(AND(ISNUMBER(R37),ISNUMBER(Y37)),ABS(N(R37)-N(Y37))<=Settings!$B$9*MAX(1,ABS(N(Y37))),AND(R37="",Y37="")),T37=Z37,IF(AND(ISNUMBER(U37),ISNUMBER(AA37)),ABS(N(U37)-N(AA37))<=Settings!$B$9*MAX(1,ABS(N(AA37))),AND(U37="",AA37=""))),"ok","CHECK") -> ok | AK37: =IF(ISNUMBER(P37),1,0) -> 1 | AL37: =COUNTIFS(Runs!$B$2:$B$61,B37,Runs!$E$2:$E$61,E37,Runs!$N$2:$N$61,N37,Runs!$AK$2:$AK$61,1) -> 2 | AM37: =IF(AK37=1,AVERAGEIFS(Runs!$P$2:$P$61,Runs!$B$2:$B$61,B37,Runs!$E$2:$E$61,E37,Runs!$N$2:$N$61,N37,Runs!$AK$2:$AK$61,1),"") -> 3.5537127 | AN37: =IF(AK37=1,IF(AL37>1,(P37-AM37)^2*AL37/(AL37-1),0),0) -> 0.0065448642 | AO37: =IF(ISNUMBER(R37),1,0) -> 1 | AP37: =COUNTIFS(Runs!$B$2:$B$61,B37,Runs!$E$2:$E$61,E37,Runs!$N$2:$N$61,N37,Runs!$AO$2:$AO$61,1) -> 2 | AQ37: =IF(AO37=1,AVERAGEIFS(Runs!$R$2:$R$61,Runs!$B$2:$B$61,B37,Runs!$E$2:$E$61,E37,Runs!$N$2:$N$61,N37,Runs!$AO$2:$AO$61,1),"") -> 92.595 | AR37: =IF(AO37=1,IF(AP37>1,(R37-AQ37)^2*AP37/(AP37-1),0),0) -> 27.45405 | AS37: =IF(ISNUMBER(J37),1,0) -> 1 | AT37: =COUNTIFS(Runs!$B$2:$B$61,B37,Runs!$E$2:$E$61,E37,Runs!$N$2:$N$61,N37,Runs!$AS$2:$AS$61,1) -> 2 | AU37: =IF(AS37=1,AVERAGEIFS(Runs!$J$2:$J$61,Runs!$B$2:$B$61,B37,Runs!$E$2:$E$61,E37,Runs!$N$2:$N$61,N37,Runs!$AS$2:$AS$61,1),"") -> 1 | AV37: =IF(AS37=1,IF(AT37>1,(J37-AU37)^2*AT37/(AT37-1),0),0) -> 0 | AW37: =IF(ISNUMBER(Q37),1,0) -> 1 | AX37: =COUNTIFS(Runs!$B$2:$B$61,B37,Runs!$E$2:$E$61,E37,Runs!$N$2:$N$61,N37,Runs!$AW$2:$AW$61,1) -> 2 | AY37: =IF(AW37=1,AVERAGEIFS(Runs!$Q$2:$Q$61,Runs!$B$2:$B$61,B37,Runs!$E$2:$E$61,E37,Runs!$N$2:$N$61,N37,Runs!$AW$2:$AW$61,1),"") -> 4.9533911 | AZ37: =IF(AW37=1,IF(AX37>1,(Q37-AY37)^2*AX37/(AX37-1),0),0) -> 0.023851016
A38: 150751 | B38: gptoss-20b | C38: kanban-board | D38: execution | E38: unseen | F38: 1 | G38: finished | H38: 45 | I38: 0 | J38: 0.6 | K38: 484 | L38: 0 | M38: 1 | N38: =C38&"|"&D38 -> kanban-board|execution | O38: =IF(G38="finished",0,1) -> 0 | P38: =IF(O38=0,LN(H38),"") -> 3.8066625 | Q38: =IF(ISNUMBER(K38),IF(K38>0,LN(K38),""),"") -> 6.1820849 | R38: =IF(M38=1,INDEX(Quality!$AF:$AF,MATCH(A38,Quality!$A:$A,0)),"") -> 12 | S38: =IF(R38="","",IF(T38=1,0,R38)) -> 12 | T38: =IF(M38=1,INDEX(Quality!$AG:$AG,MATCH(A38,Quality!$A:$A,0)),0) -> 0 | U38: =IF(M38=1,INDEX(Quality!$AS:$AS,MATCH(A38,Quality!$A:$A,0)),"") -> 0.7 | V38: 0 | W38: 3.80666 | X38: 6.18208 | Y38: 12 | Z38: 0 | AA38: 0.7 | AB38: finished | AC38: 45 | AD38: 0.6 | AE38: 484 | AF38: 0 | AG38: 0 | AH38: =IF(AND(G38=AB38,IF(AND(ISNUMBER(H38),ISNUMBER(AC38)),ABS(N(H38)-N(AC38))<=Settings!$B$9*MAX(1,ABS(N(AC38))),AND(H38="",AC38="")),IF(AND(ISNUMBER(J38),ISNUMBER(AD38)),ABS(N(J38)-N(AD38))<=Settings!$B$9*MAX(1,ABS(N(AD38))),AND(J38="",AD38="")),IF(AND(ISNUMBER(K38),ISNUMBER(AE38)),ABS(N(K38)-N(AE38))<=Settings!$B$9*MAX(1,ABS(N(AE38))),AND(K38="",AE38="")),L38=AF38,I38=AG38),"ok","CHECK") -> ok | AI38: =IF(AND(IF(AND(ISNUMBER(O38),ISNUMBER(V38)),ABS(N(O38)-N(V38))<=Settings!$B$9*MAX(1,ABS(N(V38))),AND(O38="",V38="")),IF(AND(ISNUMBER(P38),ISNUMBER(W38)),ABS(N(P38)-N(W38))<=Settings!$B$9*MAX(1,ABS(N(W38))),AND(P38="",W38="")),IF(AND(ISNUMBER(Q38),ISNUMBER(X38)),ABS(N(Q38)-N(X38))<=Settings!$B$9*MAX(1,ABS(N(X38))),AND(Q38="",X38="")),IF(AND(ISNUMBER(R38),ISNUMBER(Y38)),ABS(N(R38)-N(Y38))<=Settings!$B$9*MAX(1,ABS(N(Y38))),AND(R38="",Y38="")),T38=Z38,IF(AND(ISNUMBER(U38),ISNUMBER(AA38)),ABS(N(U38)-N(AA38))<=Settings!$B$9*MAX(1,ABS(N(AA38))),AND(U38="",AA38=""))),"ok","CHECK") -> ok | AK38: =IF(ISNUMBER(P38),1,0) -> 1 | AL38: =COUNTIFS(Runs!$B$2:$B$61,B38,Runs!$E$2:$E$61,E38,Runs!$N$2:$N$61,N38,Runs!$AK$2:$AK$61,1) -> 2 | AM38: =IF(AK38=1,AVERAGEIFS(Runs!$P$2:$P$61,Runs!$B$2:$B$61,B38,Runs!$E$2:$E$61,E38,Runs!$N$2:$N$61,N38,Runs!$AK$2:$AK$61,1),"") -> 4.1419997 | AN38: =IF(AK38=1,IF(AL38>1,(P38-AM38)^2*AL38/(AL38-1),0),0) -> 0.22490202 | AO38: =IF(ISNUMBER(R38),1,0) -> 1 | AP38: =COUNTIFS(Runs!$B$2:$B$61,B38,Runs!$E$2:$E$61,E38,Runs!$N$2:$N$61,N38,Runs!$AO$2:$AO$61,1) -> 2 | AQ38: =IF(AO38=1,AVERAGEIFS(Runs!$R$2:$R$61,Runs!$B$2:$B$61,B38,Runs!$E$2:$E$61,E38,Runs!$N$2:$N$61,N38,Runs!$AO$2:$AO$61,1),"") -> 12 | AR38: =IF(AO38=1,IF(AP38>1,(R38-AQ38)^2*AP38/(AP38-1),0),0) -> 0 | AS38: =IF(ISNUMBER(J38),1,0) -> 1 | AT38: =COUNTIFS(Runs!$B$2:$B$61,B38,Runs!$E$2:$E$61,E38,Runs!$N$2:$N$61,N38,Runs!$AS$2:$AS$61,1) -> 2 | AU38: =IF(AS38=1,AVERAGEIFS(Runs!$J$2:$J$61,Runs!$B$2:$B$61,B38,Runs!$E$2:$E$61,E38,Runs!$N$2:$N$61,N38,Runs!$AS$2:$AS$61,1),"") -> 0.6863635 | AV38: =IF(AS38=1,IF(AT38>1,(J38-AU38)^2*AT38/(AT38-1),0),0) -> 0.014917308 | AW38: =IF(ISNUMBER(Q38),1,0) -> 1 | AX38: =COUNTIFS(Runs!$B$2:$B$61,B38,Runs!$E$2:$E$61,E38,Runs!$N$2:$N$61,N38,Runs!$AW$2:$AW$61,1) -> 2 | AY38: =IF(AW38=1,AVERAGEIFS(Runs!$Q$2:$Q$61,Runs!$B$2:$B$61,B38,Runs!$E$2:$E$61,E38,Runs!$N$2:$N$61,N38,Runs!$AW$2:$AW$61,1),"") -> 6.055837 | AZ38: =IF(AW38=1,IF(AX38>1,(Q38-AY38)^2*AX38/(AX38-1),0),0) -> 0.031877055
A39: 243511 | B39: gptoss-20b | C39: kanban-board | D39: execution | E39: unseen | F39: 2 | G39: finished | H39: 88 | I39: 1 | J39: 0.772727 | K39: 376 | L39: 1 | M39: 1 | N39: =C39&"|"&D39 -> kanban-board|execution | O39: =IF(G39="finished",0,1) -> 0 | P39: =IF(O39=0,LN(H39),"") -> 4.4773368 | Q39: =IF(ISNUMBER(K39),IF(K39>0,LN(K39),""),"") -> 5.9295891 | R39: =IF(M39=1,INDEX(Quality!$AF:$AF,MATCH(A39,Quality!$A:$A,0)),"") -> 12 | S39: =IF(R39="","",IF(T39=1,0,R39)) -> 12 | T39: =IF(M39=1,INDEX(Quality!$AG:$AG,MATCH(A39,Quality!$A:$A,0)),0) -> 0 | U39: =IF(M39=1,INDEX(Quality!$AS:$AS,MATCH(A39,Quality!$A:$A,0)),"") -> 0.7 | V39: 0 | W39: 4.47734 | X39: 5.92959 | Y39: 12 | Z39: 0 | AA39: 0.7 | AB39: finished | AC39: 88 | AD39: 0.77272727 | AE39: 376 | AF39: 1 | AG39: 1 | AH39: =IF(AND(G39=AB39,IF(AND(ISNUMBER(H39),ISNUMBER(AC39)),ABS(N(H39)-N(AC39))<=Settings!$B$9*MAX(1,ABS(N(AC39))),AND(H39="",AC39="")),IF(AND(ISNUMBER(J39),ISNUMBER(AD39)),ABS(N(J39)-N(AD39))<=Settings!$B$9*MAX(1,ABS(N(AD39))),AND(J39="",AD39="")),IF(AND(ISNUMBER(K39),ISNUMBER(AE39)),ABS(N(K39)-N(AE39))<=Settings!$B$9*MAX(1,ABS(N(AE39))),AND(K39="",AE39="")),L39=AF39,I39=AG39),"ok","CHECK") -> ok | AI39: =IF(AND(IF(AND(ISNUMBER(O39),ISNUMBER(V39)),ABS(N(O39)-N(V39))<=Settings!$B$9*MAX(1,ABS(N(V39))),AND(O39="",V39="")),IF(AND(ISNUMBER(P39),ISNUMBER(W39)),ABS(N(P39)-N(W39))<=Settings!$B$9*MAX(1,ABS(N(W39))),AND(P39="",W39="")),IF(AND(ISNUMBER(Q39),ISNUMBER(X39)),ABS(N(Q39)-N(X39))<=Settings!$B$9*MAX(1,ABS(N(X39))),AND(Q39="",X39="")),IF(AND(ISNUMBER(R39),ISNUMBER(Y39)),ABS(N(R39)-N(Y39))<=Settings!$B$9*MAX(1,ABS(N(Y39))),AND(R39="",Y39="")),T39=Z39,IF(AND(ISNUMBER(U39),ISNUMBER(AA39)),ABS(N(U39)-N(AA39))<=Settings!$B$9*MAX(1,ABS(N(AA39))),AND(U39="",AA39=""))),"ok","CHECK") -> ok | AK39: =IF(ISNUMBER(P39),1,0) -> 1 | AL39: =COUNTIFS(Runs!$B$2:$B$61,B39,Runs!$E$2:$E$61,E39,Runs!$N$2:$N$61,N39,Runs!$AK$2:$AK$61,1) -> 2 | AM39: =IF(AK39=1,AVERAGEIFS(Runs!$P$2:$P$61,Runs!$B$2:$B$61,B39,Runs!$E$2:$E$61,E39,Runs!$N$2:$N$61,N39,Runs!$AK$2:$AK$61,1),"") -> 4.1419997 | AN39: =IF(AK39=1,IF(AL39>1,(P39-AM39)^2*AL39/(AL39-1),0),0) -> 0.22490202 | AO39: =IF(ISNUMBER(R39),1,0) -> 1 | AP39: =COUNTIFS(Runs!$B$2:$B$61,B39,Runs!$E$2:$E$61,E39,Runs!$N$2:$N$61,N39,Runs!$AO$2:$AO$61,1) -> 2 | AQ39: =IF(AO39=1,AVERAGEIFS(Runs!$R$2:$R$61,Runs!$B$2:$B$61,B39,Runs!$E$2:$E$61,E39,Runs!$N$2:$N$61,N39,Runs!$AO$2:$AO$61,1),"") -> 12 | AR39: =IF(AO39=1,IF(AP39>1,(R39-AQ39)^2*AP39/(AP39-1),0),0) -> 0 | AS39: =IF(ISNUMBER(J39),1,0) -> 1 | AT39: =COUNTIFS(Runs!$B$2:$B$61,B39,Runs!$E$2:$E$61,E39,Runs!$N$2:$N$61,N39,Runs!$AS$2:$AS$61,1) -> 2 | AU39: =IF(AS39=1,AVERAGEIFS(Runs!$J$2:$J$61,Runs!$B$2:$B$61,B39,Runs!$E$2:$E$61,E39,Runs!$N$2:$N$61,N39,Runs!$AS$2:$AS$61,1),"") -> 0.6863635 | AV39: =IF(AS39=1,IF(AT39>1,(J39-AU39)^2*AT39/(AT39-1),0),0) -> 0.014917308 | AW39: =IF(ISNUMBER(Q39),1,0) -> 1 | AX39: =COUNTIFS(Runs!$B$2:$B$61,B39,Runs!$E$2:$E$61,E39,Runs!$N$2:$N$61,N39,Runs!$AW$2:$AW$61,1) -> 2 | AY39: =IF(AW39=1,AVERAGEIFS(Runs!$Q$2:$Q$61,Runs!$B$2:$B$61,B39,Runs!$E$2:$E$61,E39,Runs!$N$2:$N$61,N39,Runs!$AW$2:$AW$61,1),"") -> 6.055837 | AZ39: =IF(AW39=1,IF(AX39>1,(Q39-AY39)^2*AX39/(AX39-1),0),0) -> 0.031877055
A40: 596254 | B40: gptoss-20b | C40: kanban-board | D40: execution | E40: seen | F40: 1 | G40: finished | H40: 41 | I40: 1 | J40: 1 | K40: 150 | L40: 0 | M40: 1 | N40: =C40&"|"&D40 -> kanban-board|execution | O40: =IF(G40="finished",0,1) -> 0 | P40: =IF(O40=0,LN(H40),"") -> 3.7135721 | Q40: =IF(ISNUMBER(K40),IF(K40>0,LN(K40),""),"") -> 5.0106353 | R40: =IF(M40=1,INDEX(Quality!$AF:$AF,MATCH(A40,Quality!$A:$A,0)),"") -> 86 | S40: =IF(R40="","",IF(T40=1,0,R40)) -> 86 | T40: =IF(M40=1,INDEX(Quality!$AG:$AG,MATCH(A40,Quality!$A:$A,0)),0) -> 0 | U40: =IF(M40=1,INDEX(Quality!$AS:$AS,MATCH(A40,Quality!$A:$A,0)),"") -> 0.7 | V40: 0 | W40: 3.71357 | X40: 5.01064 | Y40: 86 | Z40: 0 | AA40: 0.7 | AB40: finished | AC40: 41 | AD40: 1 | AE40: 150 | AF40: 0 | AG40: 1 | AH40: =IF(AND(G40=AB40,IF(AND(ISNUMBER(H40),ISNUMBER(AC40)),ABS(N(H40)-N(AC40))<=Settings!$B$9*MAX(1,ABS(N(AC40))),AND(H40="",AC40="")),IF(AND(ISNUMBER(J40),ISNUMBER(AD40)),ABS(N(J40)-N(AD40))<=Settings!$B$9*MAX(1,ABS(N(AD40))),AND(J40="",AD40="")),IF(AND(ISNUMBER(K40),ISNUMBER(AE40)),ABS(N(K40)-N(AE40))<=Settings!$B$9*MAX(1,ABS(N(AE40))),AND(K40="",AE40="")),L40=AF40,I40=AG40),"ok","CHECK") -> ok | AI40: =IF(AND(IF(AND(ISNUMBER(O40),ISNUMBER(V40)),ABS(N(O40)-N(V40))<=Settings!$B$9*MAX(1,ABS(N(V40))),AND(O40="",V40="")),IF(AND(ISNUMBER(P40),ISNUMBER(W40)),ABS(N(P40)-N(W40))<=Settings!$B$9*MAX(1,ABS(N(W40))),AND(P40="",W40="")),IF(AND(ISNUMBER(Q40),ISNUMBER(X40)),ABS(N(Q40)-N(X40))<=Settings!$B$9*MAX(1,ABS(N(X40))),AND(Q40="",X40="")),IF(AND(ISNUMBER(R40),ISNUMBER(Y40)),ABS(N(R40)-N(Y40))<=Settings!$B$9*MAX(1,ABS(N(Y40))),AND(R40="",Y40="")),T40=Z40,IF(AND(ISNUMBER(U40),ISNUMBER(AA40)),ABS(N(U40)-N(AA40))<=Settings!$B$9*MAX(1,ABS(N(AA40))),AND(U40="",AA40=""))),"ok","CHECK") -> ok | AK40: =IF(ISNUMBER(P40),1,0) -> 1 | AL40: =COUNTIFS(Runs!$B$2:$B$61,B40,Runs!$E$2:$E$61,E40,Runs!$N$2:$N$61,N40,Runs!$AK$2:$AK$61,1) -> 2 | AM40: =IF(AK40=1,AVERAGEIFS(Runs!$P$2:$P$61,Runs!$B$2:$B$61,B40,Runs!$E$2:$E$61,E40,Runs!$N$2:$N$61,N40,Runs!$AK$2:$AK$61,1),"") -> 3.988126 | AN40: =IF(AK40=1,IF(AL40>1,(P40-AM40)^2*AL40/(AL40-1),0),0) -> 0.15075969 | AO40: =IF(ISNUMBER(R40),1,0) -> 1 | AP40: =COUNTIFS(Runs!$B$2:$B$61,B40,Runs!$E$2:$E$61,E40,Runs!$N$2:$N$61,N40,Runs!$AO$2:$AO$61,1) -> 2 | AQ40: =IF(AO40=1,AVERAGEIFS(Runs!$R$2:$R$61,Runs!$B$2:$B$61,B40,Runs!$E$2:$E$61,E40,Runs!$N$2:$N$61,N40,Runs!$AO$2:$AO$61,1),"") -> 89 | AR40: =IF(AO40=1,IF(AP40>1,(R40-AQ40)^2*AP40/(AP40-1),0),0) -> 18 | AS40: =IF(ISNUMBER(J40),1,0) -> 1 | AT40: =COUNTIFS(Runs!$B$2:$B$61,B40,Runs!$E$2:$E$61,E40,Runs!$N$2:$N$61,N40,Runs!$AS$2:$AS$61,1) -> 2 | AU40: =IF(AS40=1,AVERAGEIFS(Runs!$J$2:$J$61,Runs!$B$2:$B$61,B40,Runs!$E$2:$E$61,E40,Runs!$N$2:$N$61,N40,Runs!$AS$2:$AS$61,1),"") -> 0.9859155 | AV40: =IF(AS40=1,IF(AT40>1,(J40-AU40)^2*AT40/(AT40-1),0),0) -> 0.00039674628 | AW40: =IF(ISNUMBER(Q40),1,0) -> 1 | AX40: =COUNTIFS(Runs!$B$2:$B$61,B40,Runs!$E$2:$E$61,E40,Runs!$N$2:$N$61,N40,Runs!$AW$2:$AW$61,1) -> 2 | AY40: =IF(AW40=1,AVERAGEIFS(Runs!$Q$2:$Q$61,Runs!$B$2:$B$61,B40,Runs!$E$2:$E$61,E40,Runs!$N$2:$N$61,N40,Runs!$AW$2:$AW$61,1),"") -> 5.0613115 | AZ40: =IF(AW40=1,IF(AX40>1,(Q40-AY40)^2*AX40/(AX40-1),0),0) -> 0.005136164
A41: 864447 | B41: gptoss-20b | C41: kanban-board | D41: execution | E41: seen | F41: 2 | G41: finished | H41: 71 | I41: 0 | J41: 0.971831 | K41: 166 | L41: 0 | M41: 1 | N41: =C41&"|"&D41 -> kanban-board|execution | O41: =IF(G41="finished",0,1) -> 0 | P41: =IF(O41=0,LN(H41),"") -> 4.2626799 | Q41: =IF(ISNUMBER(K41),IF(K41>0,LN(K41),""),"") -> 5.1119878 | R41: =IF(M41=1,INDEX(Quality!$AF:$AF,MATCH(A41,Quality!$A:$A,0)),"") -> 92 | S41: =IF(R41="","",IF(T41=1,0,R41)) -> 92 | T41: =IF(M41=1,INDEX(Quality!$AG:$AG,MATCH(A41,Quality!$A:$A,0)),0) -> 0 | U41: =IF(M41=1,INDEX(Quality!$AS:$AS,MATCH(A41,Quality!$A:$A,0)),"") -> 0.7 | V41: 0 | W41: 4.26268 | X41: 5.11199 | Y41: 92 | Z41: 0 | AA41: 0.7 | AB41: finished | AC41: 71 | AD41: 0.97183099 | AE41: 166 | AF41: 0 | AG41: 0 | AH41: =IF(AND(G41=AB41,IF(AND(ISNUMBER(H41),ISNUMBER(AC41)),ABS(N(H41)-N(AC41))<=Settings!$B$9*MAX(1,ABS(N(AC41))),AND(H41="",AC41="")),IF(AND(ISNUMBER(J41),ISNUMBER(AD41)),ABS(N(J41)-N(AD41))<=Settings!$B$9*MAX(1,ABS(N(AD41))),AND(J41="",AD41="")),IF(AND(ISNUMBER(K41),ISNUMBER(AE41)),ABS(N(K41)-N(AE41))<=Settings!$B$9*MAX(1,ABS(N(AE41))),AND(K41="",AE41="")),L41=AF41,I41=AG41),"ok","CHECK") -> ok | AI41: =IF(AND(IF(AND(ISNUMBER(O41),ISNUMBER(V41)),ABS(N(O41)-N(V41))<=Settings!$B$9*MAX(1,ABS(N(V41))),AND(O41="",V41="")),IF(AND(ISNUMBER(P41),ISNUMBER(W41)),ABS(N(P41)-N(W41))<=Settings!$B$9*MAX(1,ABS(N(W41))),AND(P41="",W41="")),IF(AND(ISNUMBER(Q41),ISNUMBER(X41)),ABS(N(Q41)-N(X41))<=Settings!$B$9*MAX(1,ABS(N(X41))),AND(Q41="",X41="")),IF(AND(ISNUMBER(R41),ISNUMBER(Y41)),ABS(N(R41)-N(Y41))<=Settings!$B$9*MAX(1,ABS(N(Y41))),AND(R41="",Y41="")),T41=Z41,IF(AND(ISNUMBER(U41),ISNUMBER(AA41)),ABS(N(U41)-N(AA41))<=Settings!$B$9*MAX(1,ABS(N(AA41))),AND(U41="",AA41=""))),"ok","CHECK") -> ok | AK41: =IF(ISNUMBER(P41),1,0) -> 1 | AL41: =COUNTIFS(Runs!$B$2:$B$61,B41,Runs!$E$2:$E$61,E41,Runs!$N$2:$N$61,N41,Runs!$AK$2:$AK$61,1) -> 2 | AM41: =IF(AK41=1,AVERAGEIFS(Runs!$P$2:$P$61,Runs!$B$2:$B$61,B41,Runs!$E$2:$E$61,E41,Runs!$N$2:$N$61,N41,Runs!$AK$2:$AK$61,1),"") -> 3.988126 | AN41: =IF(AK41=1,IF(AL41>1,(P41-AM41)^2*AL41/(AL41-1),0),0) -> 0.15075969 | AO41: =IF(ISNUMBER(R41),1,0) -> 1 | AP41: =COUNTIFS(Runs!$B$2:$B$61,B41,Runs!$E$2:$E$61,E41,Runs!$N$2:$N$61,N41,Runs!$AO$2:$AO$61,1) -> 2 | AQ41: =IF(AO41=1,AVERAGEIFS(Runs!$R$2:$R$61,Runs!$B$2:$B$61,B41,Runs!$E$2:$E$61,E41,Runs!$N$2:$N$61,N41,Runs!$AO$2:$AO$61,1),"") -> 89 | AR41: =IF(AO41=1,IF(AP41>1,(R41-AQ41)^2*AP41/(AP41-1),0),0) -> 18 | AS41: =IF(ISNUMBER(J41),1,0) -> 1 | AT41: =COUNTIFS(Runs!$B$2:$B$61,B41,Runs!$E$2:$E$61,E41,Runs!$N$2:$N$61,N41,Runs!$AS$2:$AS$61,1) -> 2 | AU41: =IF(AS41=1,AVERAGEIFS(Runs!$J$2:$J$61,Runs!$B$2:$B$61,B41,Runs!$E$2:$E$61,E41,Runs!$N$2:$N$61,N41,Runs!$AS$2:$AS$61,1),"") -> 0.9859155 | AV41: =IF(AS41=1,IF(AT41>1,(J41-AU41)^2*AT41/(AT41-1),0),0) -> 0.00039674628 | AW41: =IF(ISNUMBER(Q41),1,0) -> 1 | AX41: =COUNTIFS(Runs!$B$2:$B$61,B41,Runs!$E$2:$E$61,E41,Runs!$N$2:$N$61,N41,Runs!$AW$2:$AW$61,1) -> 2 | AY41: =IF(AW41=1,AVERAGEIFS(Runs!$Q$2:$Q$61,Runs!$B$2:$B$61,B41,Runs!$E$2:$E$61,E41,Runs!$N$2:$N$61,N41,Runs!$AW$2:$AW$61,1),"") -> 5.0613115 | AZ41: =IF(AW41=1,IF(AX41>1,(Q41-AY41)^2*AX41/(AX41-1),0),0) -> 0.005136164
A42: 354311 | B42: gptoss-20b | C42: kanban-board | D42: interactive | E42: unseen | F42: 1 | G42: stuck_blocked_tool | H42: 96 | I42: 0 | J42: 0.635417 | K42: 442 | L42: 1 | M42: 1 | N42: =C42&"|"&D42 -> kanban-board|interactive | O42: =IF(G42="finished",0,1) -> 1 | P42: =IF(O42=0,LN(H42),"") | Q42: =IF(ISNUMBER(K42),IF(K42>0,LN(K42),""),"") -> 6.0913099 | R42: =IF(M42=1,INDEX(Quality!$AF:$AF,MATCH(A42,Quality!$A:$A,0)),"") -> 14 | S42: =IF(R42="","",IF(T42=1,0,R42)) -> 14 | T42: =IF(M42=1,INDEX(Quality!$AG:$AG,MATCH(A42,Quality!$A:$A,0)),0) -> 0 | U42: =IF(M42=1,INDEX(Quality!$AS:$AS,MATCH(A42,Quality!$A:$A,0)),"") -> 0.8 | V42: 1 | X42: 6.09131 | Y42: 14 | Z42: 0 | AA42: 0.8 | AB42: stuck_blocked_tool | AC42: 96 | AD42: 0.63541667 | AE42: 442 | AF42: 1 | AG42: 0 | AH42: =IF(AND(G42=AB42,IF(AND(ISNUMBER(H42),ISNUMBER(AC42)),ABS(N(H42)-N(AC42))<=Settings!$B$9*MAX(1,ABS(N(AC42))),AND(H42="",AC42="")),IF(AND(ISNUMBER(J42),ISNUMBER(AD42)),ABS(N(J42)-N(AD42))<=Settings!$B$9*MAX(1,ABS(N(AD42))),AND(J42="",AD42="")),IF(AND(ISNUMBER(K42),ISNUMBER(AE42)),ABS(N(K42)-N(AE42))<=Settings!$B$9*MAX(1,ABS(N(AE42))),AND(K42="",AE42="")),L42=AF42,I42=AG42),"ok","CHECK") -> ok | AI42: =IF(AND(IF(AND(ISNUMBER(O42),ISNUMBER(V42)),ABS(N(O42)-N(V42))<=Settings!$B$9*MAX(1,ABS(N(V42))),AND(O42="",V42="")),IF(AND(ISNUMBER(P42),ISNUMBER(W42)),ABS(N(P42)-N(W42))<=Settings!$B$9*MAX(1,ABS(N(W42))),AND(P42="",W42="")),IF(AND(ISNUMBER(Q42),ISNUMBER(X42)),ABS(N(Q42)-N(X42))<=Settings!$B$9*MAX(1,ABS(N(X42))),AND(Q42="",X42="")),IF(AND(ISNUMBER(R42),ISNUMBER(Y42)),ABS(N(R42)-N(Y42))<=Settings!$B$9*MAX(1,ABS(N(Y42))),AND(R42="",Y42="")),T42=Z42,IF(AND(ISNUMBER(U42),ISNUMBER(AA42)),ABS(N(U42)-N(AA42))<=Settings!$B$9*MAX(1,ABS(N(AA42))),AND(U42="",AA42=""))),"ok","CHECK") -> ok | AK42: =IF(ISNUMBER(P42),1,0) -> 0 | AL42: =COUNTIFS(Runs!$B$2:$B$61,B42,Runs!$E$2:$E$61,E42,Runs!$N$2:$N$61,N42,Runs!$AK$2:$AK$61,1) -> 1 | AM42: =IF(AK42=1,AVERAGEIFS(Runs!$P$2:$P$61,Runs!$B$2:$B$61,B42,Runs!$E$2:$E$61,E42,Runs!$N$2:$N$61,N42,Runs!$AK$2:$AK$61,1),"") | AN42: =IF(AK42=1,IF(AL42>1,(P42-AM42)^2*AL42/(AL42-1),0),0) -> 0 | AO42: =IF(ISNUMBER(R42),1,0) -> 1 | AP42: =COUNTIFS(Runs!$B$2:$B$61,B42,Runs!$E$2:$E$61,E42,Runs!$N$2:$N$61,N42,Runs!$AO$2:$AO$61,1) -> 2 | AQ42: =IF(AO42=1,AVERAGEIFS(Runs!$R$2:$R$61,Runs!$B$2:$B$61,B42,Runs!$E$2:$E$61,E42,Runs!$N$2:$N$61,N42,Runs!$AO$2:$AO$61,1),"") -> 13 | AR42: =IF(AO42=1,IF(AP42>1,(R42-AQ42)^2*AP42/(AP42-1),0),0) -> 2 | AS42: =IF(ISNUMBER(J42),1,0) -> 1 | AT42: =COUNTIFS(Runs!$B$2:$B$61,B42,Runs!$E$2:$E$61,E42,Runs!$N$2:$N$61,N42,Runs!$AS$2:$AS$61,1) -> 2 | AU42: =IF(AS42=1,AVERAGEIFS(Runs!$J$2:$J$61,Runs!$B$2:$B$61,B42,Runs!$E$2:$E$61,E42,Runs!$N$2:$N$61,N42,Runs!$AS$2:$AS$61,1),"") -> 0.6479835 | AV42: =IF(AS42=1,IF(AT42>1,(J42-AU42)^2*AT42/(AT42-1),0),0) -> 0.00031583384 | AW42: =IF(ISNUMBER(Q42),1,0) -> 1 | AX42: =COUNTIFS(Runs!$B$2:$B$61,B42,Runs!$E$2:$E$61,E42,Runs!$N$2:$N$61,N42,Runs!$AW$2:$AW$61,1) -> 2 | AY42: =IF(AW42=1,AVERAGEIFS(Runs!$Q$2:$Q$61,Runs!$B$2:$B$61,B42,Runs!$E$2:$E$61,E42,Runs!$N$2:$N$61,N42,Runs!$AW$2:$AW$61,1),"") -> 6.090744 | AZ42: =IF(AW42=1,IF(AX42>1,(Q42-AY42)^2*AX42/(AX42-1),0),0) -> 6.4055583e-07
A43: 957859 | B43: gptoss-20b | C43: kanban-board | D43: interactive | E43: unseen | F43: 2 | G43: finished | H43: 109 | I43: 0 | J43: 0.66055 | K43: 441.5 | L43: 1 | M43: 1 | N43: =C43&"|"&D43 -> kanban-board|interactive | O43: =IF(G43="finished",0,1) -> 0 | P43: =IF(O43=0,LN(H43),"") -> 4.6913479 | Q43: =IF(ISNUMBER(K43),IF(K43>0,LN(K43),""),"") -> 6.090178 | R43: =IF(M43=1,INDEX(Quality!$AF:$AF,MATCH(A43,Quality!$A:$A,0)),"") -> 12 | S43: =IF(R43="","",IF(T43=1,0,R43)) -> 12 | T43: =IF(M43=1,INDEX(Quality!$AG:$AG,MATCH(A43,Quality!$A:$A,0)),0) -> 0 | U43: =IF(M43=1,INDEX(Quality!$AS:$AS,MATCH(A43,Quality!$A:$A,0)),"") -> 0.6 | V43: 0 | W43: 4.69135 | X43: 6.09018 | Y43: 12 | Z43: 0 | AA43: 0.6 | AB43: finished | AC43: 109 | AD43: 0.66055046 | AE43: 441.5 | AF43: 1 | AG43: 0 | AH43: =IF(AND(G43=AB43,IF(AND(ISNUMBER(H43),ISNUMBER(AC43)),ABS(N(H43)-N(AC43))<=Settings!$B$9*MAX(1,ABS(N(AC43))),AND(H43="",AC43="")),IF(AND(ISNUMBER(J43),ISNUMBER(AD43)),ABS(N(J43)-N(AD43))<=Settings!$B$9*MAX(1,ABS(N(AD43))),AND(J43="",AD43="")),IF(AND(ISNUMBER(K43),ISNUMBER(AE43)),ABS(N(K43)-N(AE43))<=Settings!$B$9*MAX(1,ABS(N(AE43))),AND(K43="",AE43="")),L43=AF43,I43=AG43),"ok","CHECK") -> ok | AI43: =IF(AND(IF(AND(ISNUMBER(O43),ISNUMBER(V43)),ABS(N(O43)-N(V43))<=Settings!$B$9*MAX(1,ABS(N(V43))),AND(O43="",V43="")),IF(AND(ISNUMBER(P43),ISNUMBER(W43)),ABS(N(P43)-N(W43))<=Settings!$B$9*MAX(1,ABS(N(W43))),AND(P43="",W43="")),IF(AND(ISNUMBER(Q43),ISNUMBER(X43)),ABS(N(Q43)-N(X43))<=Settings!$B$9*MAX(1,ABS(N(X43))),AND(Q43="",X43="")),IF(AND(ISNUMBER(R43),ISNUMBER(Y43)),ABS(N(R43)-N(Y43))<=Settings!$B$9*MAX(1,ABS(N(Y43))),AND(R43="",Y43="")),T43=Z43,IF(AND(ISNUMBER(U43),ISNUMBER(AA43)),ABS(N(U43)-N(AA43))<=Settings!$B$9*MAX(1,ABS(N(AA43))),AND(U43="",AA43=""))),"ok","CHECK") -> ok | AK43: =IF(ISNUMBER(P43),1,0) -> 1 | AL43: =COUNTIFS(Runs!$B$2:$B$61,B43,Runs!$E$2:$E$61,E43,Runs!$N$2:$N$61,N43,Runs!$AK$2:$AK$61,1) -> 1 | AM43: =IF(AK43=1,AVERAGEIFS(Runs!$P$2:$P$61,Runs!$B$2:$B$61,B43,Runs!$E$2:$E$61,E43,Runs!$N$2:$N$61,N43,Runs!$AK$2:$AK$61,1),"") -> 4.6913479 | AN43: =IF(AK43=1,IF(AL43>1,(P43-AM43)^2*AL43/(AL43-1),0),0) -> 0 | AO43: =IF(ISNUMBER(R43),1,0) -> 1 | AP43: =COUNTIFS(Runs!$B$2:$B$61,B43,Runs!$E$2:$E$61,E43,Runs!$N$2:$N$61,N43,Runs!$AO$2:$AO$61,1) -> 2 | AQ43: =IF(AO43=1,AVERAGEIFS(Runs!$R$2:$R$61,Runs!$B$2:$B$61,B43,Runs!$E$2:$E$61,E43,Runs!$N$2:$N$61,N43,Runs!$AO$2:$AO$61,1),"") -> 13 | AR43: =IF(AO43=1,IF(AP43>1,(R43-AQ43)^2*AP43/(AP43-1),0),0) -> 2 | AS43: =IF(ISNUMBER(J43),1,0) -> 1 | AT43: =COUNTIFS(Runs!$B$2:$B$61,B43,Runs!$E$2:$E$61,E43,Runs!$N$2:$N$61,N43,Runs!$AS$2:$AS$61,1) -> 2 | AU43: =IF(AS43=1,AVERAGEIFS(Runs!$J$2:$J$61,Runs!$B$2:$B$61,B43,Runs!$E$2:$E$61,E43,Runs!$N$2:$N$61,N43,Runs!$AS$2:$AS$61,1),"") -> 0.6479835 | AV43: =IF(AS43=1,IF(AT43>1,(J43-AU43)^2*AT43/(AT43-1),0),0) -> 0.00031583384 | AW43: =IF(ISNUMBER(Q43),1,0) -> 1 | AX43: =COUNTIFS(Runs!$B$2:$B$61,B43,Runs!$E$2:$E$61,E43,Runs!$N$2:$N$61,N43,Runs!$AW$2:$AW$61,1) -> 2 | AY43: =IF(AW43=1,AVERAGEIFS(Runs!$Q$2:$Q$61,Runs!$B$2:$B$61,B43,Runs!$E$2:$E$61,E43,Runs!$N$2:$N$61,N43,Runs!$AW$2:$AW$61,1),"") -> 6.090744 | AZ43: =IF(AW43=1,IF(AX43>1,(Q43-AY43)^2*AX43/(AX43-1),0),0) -> 6.4055583e-07
A44: 877272 | B44: gptoss-20b | C44: kanban-board | D44: interactive | E44: seen | F44: 1 | G44: finished | H44: 20 | I44: 1 | J44: 1 | K44: 170 | L44: 0 | M44: 1 | N44: =C44&"|"&D44 -> kanban-board|interactive | O44: =IF(G44="finished",0,1) -> 0 | P44: =IF(O44=0,LN(H44),"") -> 2.9957323 | Q44: =IF(ISNUMBER(K44),IF(K44>0,LN(K44),""),"") -> 5.1357984 | R44: =IF(M44=1,INDEX(Quality!$AF:$AF,MATCH(A44,Quality!$A:$A,0)),"") -> 96 | S44: =IF(R44="","",IF(T44=1,0,R44)) -> 96 | T44: =IF(M44=1,INDEX(Quality!$AG:$AG,MATCH(A44,Quality!$A:$A,0)),0) -> 0 | U44: =IF(M44=1,INDEX(Quality!$AS:$AS,MATCH(A44,Quality!$A:$A,0)),"") -> 0.7 | V44: 0 | W44: 2.99573 | X44: 5.1358 | Y44: 96 | Z44: 0 | AA44: 0.7 | AB44: finished | AC44: 20 | AD44: 1 | AE44: 170 | AF44: 0 | AG44: 1 | AH44: =IF(AND(G44=AB44,IF(AND(ISNUMBER(H44),ISNUMBER(AC44)),ABS(N(H44)-N(AC44))<=Settings!$B$9*MAX(1,ABS(N(AC44))),AND(H44="",AC44="")),IF(AND(ISNUMBER(J44),ISNUMBER(AD44)),ABS(N(J44)-N(AD44))<=Settings!$B$9*MAX(1,ABS(N(AD44))),AND(J44="",AD44="")),IF(AND(ISNUMBER(K44),ISNUMBER(AE44)),ABS(N(K44)-N(AE44))<=Settings!$B$9*MAX(1,ABS(N(AE44))),AND(K44="",AE44="")),L44=AF44,I44=AG44),"ok","CHECK") -> ok | AI44: =IF(AND(IF(AND(ISNUMBER(O44),ISNUMBER(V44)),ABS(N(O44)-N(V44))<=Settings!$B$9*MAX(1,ABS(N(V44))),AND(O44="",V44="")),IF(AND(ISNUMBER(P44),ISNUMBER(W44)),ABS(N(P44)-N(W44))<=Settings!$B$9*MAX(1,ABS(N(W44))),AND(P44="",W44="")),IF(AND(ISNUMBER(Q44),ISNUMBER(X44)),ABS(N(Q44)-N(X44))<=Settings!$B$9*MAX(1,ABS(N(X44))),AND(Q44="",X44="")),IF(AND(ISNUMBER(R44),ISNUMBER(Y44)),ABS(N(R44)-N(Y44))<=Settings!$B$9*MAX(1,ABS(N(Y44))),AND(R44="",Y44="")),T44=Z44,IF(AND(ISNUMBER(U44),ISNUMBER(AA44)),ABS(N(U44)-N(AA44))<=Settings!$B$9*MAX(1,ABS(N(AA44))),AND(U44="",AA44=""))),"ok","CHECK") -> ok | AK44: =IF(ISNUMBER(P44),1,0) -> 1 | AL44: =COUNTIFS(Runs!$B$2:$B$61,B44,Runs!$E$2:$E$61,E44,Runs!$N$2:$N$61,N44,Runs!$AK$2:$AK$61,1) -> 2 | AM44: =IF(AK44=1,AVERAGEIFS(Runs!$P$2:$P$61,Runs!$B$2:$B$61,B44,Runs!$E$2:$E$61,E44,Runs!$N$2:$N$61,N44,Runs!$AK$2:$AK$61,1),"") -> 3.3423059 | AN44: =IF(AK44=1,IF(AL44>1,(P44-AM44)^2*AL44/(AL44-1),0),0) -> 0.24022651 | AO44: =IF(ISNUMBER(R44),1,0) -> 1 | AP44: =COUNTIFS(Runs!$B$2:$B$61,B44,Runs!$E$2:$E$61,E44,Runs!$N$2:$N$61,N44,Runs!$AO$2:$AO$61,1) -> 2 | AQ44: =IF(AO44=1,AVERAGEIFS(Runs!$R$2:$R$61,Runs!$B$2:$B$61,B44,Runs!$E$2:$E$61,E44,Runs!$N$2:$N$61,N44,Runs!$AO$2:$AO$61,1),"") -> 89 | AR44: =IF(AO44=1,IF(AP44>1,(R44-AQ44)^2*AP44/(AP44-1),0),0) -> 98 | AS44: =IF(ISNUMBER(J44),1,0) -> 1 | AT44: =COUNTIFS(Runs!$B$2:$B$61,B44,Runs!$E$2:$E$61,E44,Runs!$N$2:$N$61,N44,Runs!$AS$2:$AS$61,1) -> 2 | AU44: =IF(AS44=1,AVERAGEIFS(Runs!$J$2:$J$61,Runs!$B$2:$B$61,B44,Runs!$E$2:$E$61,E44,Runs!$N$2:$N$61,N44,Runs!$AS$2:$AS$61,1),"") -> 0.9875 | AV44: =IF(AS44=1,IF(AT44>1,(J44-AU44)^2*AT44/(AT44-1),0),0) -> 0.0003125 | AW44: =IF(ISNUMBER(Q44),1,0) -> 1 | AX44: =COUNTIFS(Runs!$B$2:$B$61,B44,Runs!$E$2:$E$61,E44,Runs!$N$2:$N$61,N44,Runs!$AW$2:$AW$61,1) -> 2 | AY44: =IF(AW44=1,AVERAGEIFS(Runs!$Q$2:$Q$61,Runs!$B$2:$B$61,B44,Runs!$E$2:$E$61,E44,Runs!$N$2:$N$61,N44,Runs!$AW$2:$AW$61,1),"") -> 5.0831182 | AZ44: =IF(AW44=1,IF(AX44>1,(Q44-AY44)^2*AX44/(AX44-1),0),0) -> 0.0055504191
A45: 530030 | B45: gptoss-20b | C45: kanban-board | D45: interactive | E45: seen | F45: 2 | G45: finished | H45: 40 | I45: 0 | J45: 0.975 | K45: 153 | L45: 0 | M45: 1 | N45: =C45&"|"&D45 -> kanban-board|interactive | O45: =IF(G45="finished",0,1) -> 0 | P45: =IF(O45=0,LN(H45),"") -> 3.6888795 | Q45: =IF(ISNUMBER(K45),IF(K45>0,LN(K45),""),"") -> 5.0304379 | R45: =IF(M45=1,INDEX(Quality!$AF:$AF,MATCH(A45,Quality!$A:$A,0)),"") -> 82 | S45: =IF(R45="","",IF(T45=1,0,R45)) -> 82 | T45: =IF(M45=1,INDEX(Quality!$AG:$AG,MATCH(A45,Quality!$A:$A,0)),0) -> 0 | U45: =IF(M45=1,INDEX(Quality!$AS:$AS,MATCH(A45,Quality!$A:$A,0)),"") -> 0.7 | V45: 0 | W45: 3.68888 | X45: 5.03044 | Y45: 82 | Z45: 0 | AA45: 0.7 | AB45: finished | AC45: 40 | AD45: 0.975 | AE45: 153 | AF45: 0 | AG45: 0 | AH45: =IF(AND(G45=AB45,IF(AND(ISNUMBER(H45),ISNUMBER(AC45)),ABS(N(H45)-N(AC45))<=Settings!$B$9*MAX(1,ABS(N(AC45))),AND(H45="",AC45="")),IF(AND(ISNUMBER(J45),ISNUMBER(AD45)),ABS(N(J45)-N(AD45))<=Settings!$B$9*MAX(1,ABS(N(AD45))),AND(J45="",AD45="")),IF(AND(ISNUMBER(K45),ISNUMBER(AE45)),ABS(N(K45)-N(AE45))<=Settings!$B$9*MAX(1,ABS(N(AE45))),AND(K45="",AE45="")),L45=AF45,I45=AG45),"ok","CHECK") -> ok | AI45: =IF(AND(IF(AND(ISNUMBER(O45),ISNUMBER(V45)),ABS(N(O45)-N(V45))<=Settings!$B$9*MAX(1,ABS(N(V45))),AND(O45="",V45="")),IF(AND(ISNUMBER(P45),ISNUMBER(W45)),ABS(N(P45)-N(W45))<=Settings!$B$9*MAX(1,ABS(N(W45))),AND(P45="",W45="")),IF(AND(ISNUMBER(Q45),ISNUMBER(X45)),ABS(N(Q45)-N(X45))<=Settings!$B$9*MAX(1,ABS(N(X45))),AND(Q45="",X45="")),IF(AND(ISNUMBER(R45),ISNUMBER(Y45)),ABS(N(R45)-N(Y45))<=Settings!$B$9*MAX(1,ABS(N(Y45))),AND(R45="",Y45="")),T45=Z45,IF(AND(ISNUMBER(U45),ISNUMBER(AA45)),ABS(N(U45)-N(AA45))<=Settings!$B$9*MAX(1,ABS(N(AA45))),AND(U45="",AA45=""))),"ok","CHECK") -> ok | AK45: =IF(ISNUMBER(P45),1,0) -> 1 | AL45: =COUNTIFS(Runs!$B$2:$B$61,B45,Runs!$E$2:$E$61,E45,Runs!$N$2:$N$61,N45,Runs!$AK$2:$AK$61,1) -> 2 | AM45: =IF(AK45=1,AVERAGEIFS(Runs!$P$2:$P$61,Runs!$B$2:$B$61,B45,Runs!$E$2:$E$61,E45,Runs!$N$2:$N$61,N45,Runs!$AK$2:$AK$61,1),"") -> 3.3423059 | AN45: =IF(AK45=1,IF(AL45>1,(P45-AM45)^2*AL45/(AL45-1),0),0) -> 0.24022651 | AO45: =IF(ISNUMBER(R45),1,0) -> 1 | AP45: =COUNTIFS(Runs!$B$2:$B$61,B45,Runs!$E$2:$E$61,E45,Runs!$N$2:$N$61,N45,Runs!$AO$2:$AO$61,1) -> 2 | AQ45: =IF(AO45=1,AVERAGEIFS(Runs!$R$2:$R$61,Runs!$B$2:$B$61,B45,Runs!$E$2:$E$61,E45,Runs!$N$2:$N$61,N45,Runs!$AO$2:$AO$61,1),"") -> 89 | AR45: =IF(AO45=1,IF(AP45>1,(R45-AQ45)^2*AP45/(AP45-1),0),0) -> 98 | AS45: =IF(ISNUMBER(J45),1,0) -> 1 | AT45: =COUNTIFS(Runs!$B$2:$B$61,B45,Runs!$E$2:$E$61,E45,Runs!$N$2:$N$61,N45,Runs!$AS$2:$AS$61,1) -> 2 | AU45: =IF(AS45=1,AVERAGEIFS(Runs!$J$2:$J$61,Runs!$B$2:$B$61,B45,Runs!$E$2:$E$61,E45,Runs!$N$2:$N$61,N45,Runs!$AS$2:$AS$61,1),"") -> 0.9875 | AV45: =IF(AS45=1,IF(AT45>1,(J45-AU45)^2*AT45/(AT45-1),0),0) -> 0.0003125 | AW45: =IF(ISNUMBER(Q45),1,0) -> 1 | AX45: =COUNTIFS(Runs!$B$2:$B$61,B45,Runs!$E$2:$E$61,E45,Runs!$N$2:$N$61,N45,Runs!$AW$2:$AW$61,1) -> 2 | AY45: =IF(AW45=1,AVERAGEIFS(Runs!$Q$2:$Q$61,Runs!$B$2:$B$61,B45,Runs!$E$2:$E$61,E45,Runs!$N$2:$N$61,N45,Runs!$AW$2:$AW$61,1),"") -> 5.0831182 | AZ45: =IF(AW45=1,IF(AX45>1,(Q45-AY45)^2*AX45/(AX45-1),0),0) -> 0.0055504191
A46: 648182 | B46: gptoss-20b | C46: kanban-board | D46: no_verification | E46: unseen | F46: 1 | G46: finished | H46: 80 | I46: 0 | J46: 0.7125 | K46: 361 | L46: 0 | M46: 1 | N46: =C46&"|"&D46 -> kanban-board|no_verification | O46: =IF(G46="finished",0,1) -> 0 | P46: =IF(O46=0,LN(H46),"") -> 4.3820266 | Q46: =IF(ISNUMBER(K46),IF(K46>0,LN(K46),""),"") -> 5.888878 | R46: =IF(M46=1,INDEX(Quality!$AF:$AF,MATCH(A46,Quality!$A:$A,0)),"") -> 8 | S46: =IF(R46="","",IF(T46=1,0,R46)) -> 8 | T46: =IF(M46=1,INDEX(Quality!$AG:$AG,MATCH(A46,Quality!$A:$A,0)),0) -> 0 | U46: =IF(M46=1,INDEX(Quality!$AS:$AS,MATCH(A46,Quality!$A:$A,0)),"") -> 0.8 | V46: 0 | W46: 4.38203 | X46: 5.88888 | Y46: 8 | Z46: 0 | AA46: 0.8 | AB46: finished | AC46: 80 | AD46: 0.7125 | AE46: 361 | AF46: 0 | AG46: 0 | AH46: =IF(AND(G46=AB46,IF(AND(ISNUMBER(H46),ISNUMBER(AC46)),ABS(N(H46)-N(AC46))<=Settings!$B$9*MAX(1,ABS(N(AC46))),AND(H46="",AC46="")),IF(AND(ISNUMBER(J46),ISNUMBER(AD46)),ABS(N(J46)-N(AD46))<=Settings!$B$9*MAX(1,ABS(N(AD46))),AND(J46="",AD46="")),IF(AND(ISNUMBER(K46),ISNUMBER(AE46)),ABS(N(K46)-N(AE46))<=Settings!$B$9*MAX(1,ABS(N(AE46))),AND(K46="",AE46="")),L46=AF46,I46=AG46),"ok","CHECK") -> ok | AI46: =IF(AND(IF(AND(ISNUMBER(O46),ISNUMBER(V46)),ABS(N(O46)-N(V46))<=Settings!$B$9*MAX(1,ABS(N(V46))),AND(O46="",V46="")),IF(AND(ISNUMBER(P46),ISNUMBER(W46)),ABS(N(P46)-N(W46))<=Settings!$B$9*MAX(1,ABS(N(W46))),AND(P46="",W46="")),IF(AND(ISNUMBER(Q46),ISNUMBER(X46)),ABS(N(Q46)-N(X46))<=Settings!$B$9*MAX(1,ABS(N(X46))),AND(Q46="",X46="")),IF(AND(ISNUMBER(R46),ISNUMBER(Y46)),ABS(N(R46)-N(Y46))<=Settings!$B$9*MAX(1,ABS(N(Y46))),AND(R46="",Y46="")),T46=Z46,IF(AND(ISNUMBER(U46),ISNUMBER(AA46)),ABS(N(U46)-N(AA46))<=Settings!$B$9*MAX(1,ABS(N(AA46))),AND(U46="",AA46=""))),"ok","CHECK") -> ok | AK46: =IF(ISNUMBER(P46),1,0) -> 1 | AL46: =COUNTIFS(Runs!$B$2:$B$61,B46,Runs!$E$2:$E$61,E46,Runs!$N$2:$N$61,N46,Runs!$AK$2:$AK$61,1) -> 2 | AM46: =IF(AK46=1,AVERAGEIFS(Runs!$P$2:$P$61,Runs!$B$2:$B$61,B46,Runs!$E$2:$E$61,E46,Runs!$N$2:$N$61,N46,Runs!$AK$2:$AK$61,1),"") -> 4.2212348 | AN46: =IF(AK46=1,IF(AL46>1,(P46-AM46)^2*AL46/(AL46-1),0),0) -> 0.051708014 | AO46: =IF(ISNUMBER(R46),1,0) -> 1 | AP46: =COUNTIFS(Runs!$B$2:$B$61,B46,Runs!$E$2:$E$61,E46,Runs!$N$2:$N$61,N46,Runs!$AO$2:$AO$61,1) -> 2 | AQ46: =IF(AO46=1,AVERAGEIFS(Runs!$R$2:$R$61,Runs!$B$2:$B$61,B46,Runs!$E$2:$E$61,E46,Runs!$N$2:$N$61,N46,Runs!$AO$2:$AO$61,1),"") -> 9 | AR46: =IF(AO46=1,IF(AP46>1,(R46-AQ46)^2*AP46/(AP46-1),0),0) -> 2 | AS46: =IF(ISNUMBER(J46),1,0) -> 1 | AT46: =COUNTIFS(Runs!$B$2:$B$61,B46,Runs!$E$2:$E$61,E46,Runs!$N$2:$N$61,N46,Runs!$AS$2:$AS$61,1) -> 2 | AU46: =IF(AS46=1,AVERAGEIFS(Runs!$J$2:$J$61,Runs!$B$2:$B$61,B46,Runs!$E$2:$E$61,E46,Runs!$N$2:$N$61,N46,Runs!$AS$2:$AS$61,1),"") -> 0.7528015 | AV46: =IF(AS46=1,IF(AT46>1,(J46-AU46)^2*AT46/(AT46-1),0),0) -> 0.0032484218 | AW46: =IF(ISNUMBER(Q46),1,0) -> 1 | AX46: =COUNTIFS(Runs!$B$2:$B$61,B46,Runs!$E$2:$E$61,E46,Runs!$N$2:$N$61,N46,Runs!$AW$2:$AW$61,1) -> 2 | AY46: =IF(AW46=1,AVERAGEIFS(Runs!$Q$2:$Q$61,Runs!$B$2:$B$61,B46,Runs!$E$2:$E$61,E46,Runs!$N$2:$N$61,N46,Runs!$AW$2:$AW$61,1),"") -> 6.0292443 | AZ46: =IF(AW46=1,IF(AX46>1,(Q46-AY46)^2*AX46/(AX46-1),0),0) -> 0.039405445
A47: 812837 | B47: gptoss-20b | C47: kanban-board | D47: no_verification | E47: unseen | F47: 2 | G47: finished | H47: 58 | I47: 0 | J47: 0.793103 | K47: 478 | L47: 1 | M47: 1 | N47: =C47&"|"&D47 -> kanban-board|no_verification | O47: =IF(G47="finished",0,1) -> 0 | P47: =IF(O47=0,LN(H47),"") -> 4.060443 | Q47: =IF(ISNUMBER(K47),IF(K47>0,LN(K47),""),"") -> 6.1696107 | R47: =IF(M47=1,INDEX(Quality!$AF:$AF,MATCH(A47,Quality!$A:$A,0)),"") -> 10 | S47: =IF(R47="","",IF(T47=1,0,R47)) -> 10 | T47: =IF(M47=1,INDEX(Quality!$AG:$AG,MATCH(A47,Quality!$A:$A,0)),0) -> 0 | U47: =IF(M47=1,INDEX(Quality!$AS:$AS,MATCH(A47,Quality!$A:$A,0)),"") -> 0.5 | V47: 0 | W47: 4.06044 | X47: 6.16961 | Y47: 10 | Z47: 0 | AA47: 0.5 | AB47: finished | AC47: 58 | AD47: 0.79310345 | AE47: 478 | AF47: 1 | AG47: 0 | AH47: =IF(AND(G47=AB47,IF(AND(ISNUMBER(H47),ISNUMBER(AC47)),ABS(N(H47)-N(AC47))<=Settings!$B$9*MAX(1,ABS(N(AC47))),AND(H47="",AC47="")),IF(AND(ISNUMBER(J47),ISNUMBER(AD47)),ABS(N(J47)-N(AD47))<=Settings!$B$9*MAX(1,ABS(N(AD47))),AND(J47="",AD47="")),IF(AND(ISNUMBER(K47),ISNUMBER(AE47)),ABS(N(K47)-N(AE47))<=Settings!$B$9*MAX(1,ABS(N(AE47))),AND(K47="",AE47="")),L47=AF47,I47=AG47),"ok","CHECK") -> ok | AI47: =IF(AND(IF(AND(ISNUMBER(O47),ISNUMBER(V47)),ABS(N(O47)-N(V47))<=Settings!$B$9*MAX(1,ABS(N(V47))),AND(O47="",V47="")),IF(AND(ISNUMBER(P47),ISNUMBER(W47)),ABS(N(P47)-N(W47))<=Settings!$B$9*MAX(1,ABS(N(W47))),AND(P47="",W47="")),IF(AND(ISNUMBER(Q47),ISNUMBER(X47)),ABS(N(Q47)-N(X47))<=Settings!$B$9*MAX(1,ABS(N(X47))),AND(Q47="",X47="")),IF(AND(ISNUMBER(R47),ISNUMBER(Y47)),ABS(N(R47)-N(Y47))<=Settings!$B$9*MAX(1,ABS(N(Y47))),AND(R47="",Y47="")),T47=Z47,IF(AND(ISNUMBER(U47),ISNUMBER(AA47)),ABS(N(U47)-N(AA47))<=Settings!$B$9*MAX(1,ABS(N(AA47))),AND(U47="",AA47=""))),"ok","CHECK") -> ok | AK47: =IF(ISNUMBER(P47),1,0) -> 1 | AL47: =COUNTIFS(Runs!$B$2:$B$61,B47,Runs!$E$2:$E$61,E47,Runs!$N$2:$N$61,N47,Runs!$AK$2:$AK$61,1) -> 2 | AM47: =IF(AK47=1,AVERAGEIFS(Runs!$P$2:$P$61,Runs!$B$2:$B$61,B47,Runs!$E$2:$E$61,E47,Runs!$N$2:$N$61,N47,Runs!$AK$2:$AK$61,1),"") -> 4.2212348 | AN47: =IF(AK47=1,IF(AL47>1,(P47-AM47)^2*AL47/(AL47-1),0),0) -> 0.051708014 | AO47: =IF(ISNUMBER(R47),1,0) -> 1 | AP47: =COUNTIFS(Runs!$B$2:$B$61,B47,Runs!$E$2:$E$61,E47,Runs!$N$2:$N$61,N47,Runs!$AO$2:$AO$61,1) -> 2 | AQ47: =IF(AO47=1,AVERAGEIFS(Runs!$R$2:$R$61,Runs!$B$2:$B$61,B47,Runs!$E$2:$E$61,E47,Runs!$N$2:$N$61,N47,Runs!$AO$2:$AO$61,1),"") -> 9 | AR47: =IF(AO47=1,IF(AP47>1,(R47-AQ47)^2*AP47/(AP47-1),0),0) -> 2 | AS47: =IF(ISNUMBER(J47),1,0) -> 1 | AT47: =COUNTIFS(Runs!$B$2:$B$61,B47,Runs!$E$2:$E$61,E47,Runs!$N$2:$N$61,N47,Runs!$AS$2:$AS$61,1) -> 2 | AU47: =IF(AS47=1,AVERAGEIFS(Runs!$J$2:$J$61,Runs!$B$2:$B$61,B47,Runs!$E$2:$E$61,E47,Runs!$N$2:$N$61,N47,Runs!$AS$2:$AS$61,1),"") -> 0.7528015 | AV47: =IF(AS47=1,IF(AT47>1,(J47-AU47)^2*AT47/(AT47-1),0),0) -> 0.0032484218 | AW47: =IF(ISNUMBER(Q47),1,0) -> 1 | AX47: =COUNTIFS(Runs!$B$2:$B$61,B47,Runs!$E$2:$E$61,E47,Runs!$N$2:$N$61,N47,Runs!$AW$2:$AW$61,1) -> 2 | AY47: =IF(AW47=1,AVERAGEIFS(Runs!$Q$2:$Q$61,Runs!$B$2:$B$61,B47,Runs!$E$2:$E$61,E47,Runs!$N$2:$N$61,N47,Runs!$AW$2:$AW$61,1),"") -> 6.0292443 | AZ47: =IF(AW47=1,IF(AX47>1,(Q47-AY47)^2*AX47/(AX47-1),0),0) -> 0.039405445
A48: 519780 | B48: gptoss-20b | C48: kanban-board | D48: no_verification | E48: seen | F48: 1 | G48: finished | H48: 29 | I48: 0 | J48: 1 | K48: 168 | L48: 0 | M48: 1 | N48: =C48&"|"&D48 -> kanban-board|no_verification | O48: =IF(G48="finished",0,1) -> 0 | P48: =IF(O48=0,LN(H48),"") -> 3.3672958 | Q48: =IF(ISNUMBER(K48),IF(K48>0,LN(K48),""),"") -> 5.123964 | R48: =IF(M48=1,INDEX(Quality!$AF:$AF,MATCH(A48,Quality!$A:$A,0)),"") -> 94 | S48: =IF(R48="","",IF(T48=1,0,R48)) -> 94 | T48: =IF(M48=1,INDEX(Quality!$AG:$AG,MATCH(A48,Quality!$A:$A,0)),0) -> 0 | U48: =IF(M48=1,INDEX(Quality!$AS:$AS,MATCH(A48,Quality!$A:$A,0)),"") -> 0.7 | V48: 0 | W48: 3.3673 | X48: 5.12396 | Y48: 94 | Z48: 0 | AA48: 0.7 | AB48: finished | AC48: 29 | AD48: 1 | AE48: 168 | AF48: 0 | AG48: 0 | AH48: =IF(AND(G48=AB48,IF(AND(ISNUMBER(H48),ISNUMBER(AC48)),ABS(N(H48)-N(AC48))<=Settings!$B$9*MAX(1,ABS(N(AC48))),AND(H48="",AC48="")),IF(AND(ISNUMBER(J48),ISNUMBER(AD48)),ABS(N(J48)-N(AD48))<=Settings!$B$9*MAX(1,ABS(N(AD48))),AND(J48="",AD48="")),IF(AND(ISNUMBER(K48),ISNUMBER(AE48)),ABS(N(K48)-N(AE48))<=Settings!$B$9*MAX(1,ABS(N(AE48))),AND(K48="",AE48="")),L48=AF48,I48=AG48),"ok","CHECK") -> ok | AI48: =IF(AND(IF(AND(ISNUMBER(O48),ISNUMBER(V48)),ABS(N(O48)-N(V48))<=Settings!$B$9*MAX(1,ABS(N(V48))),AND(O48="",V48="")),IF(AND(ISNUMBER(P48),ISNUMBER(W48)),ABS(N(P48)-N(W48))<=Settings!$B$9*MAX(1,ABS(N(W48))),AND(P48="",W48="")),IF(AND(ISNUMBER(Q48),ISNUMBER(X48)),ABS(N(Q48)-N(X48))<=Settings!$B$9*MAX(1,ABS(N(X48))),AND(Q48="",X48="")),IF(AND(ISNUMBER(R48),ISNUMBER(Y48)),ABS(N(R48)-N(Y48))<=Settings!$B$9*MAX(1,ABS(N(Y48))),AND(R48="",Y48="")),T48=Z48,IF(AND(ISNUMBER(U48),ISNUMBER(AA48)),ABS(N(U48)-N(AA48))<=Settings!$B$9*MAX(1,ABS(N(AA48))),AND(U48="",AA48=""))),"ok","CHECK") -> ok | AK48: =IF(ISNUMBER(P48),1,0) -> 1 | AL48: =COUNTIFS(Runs!$B$2:$B$61,B48,Runs!$E$2:$E$61,E48,Runs!$N$2:$N$61,N48,Runs!$AK$2:$AK$61,1) -> 2 | AM48: =IF(AK48=1,AVERAGEIFS(Runs!$P$2:$P$61,Runs!$B$2:$B$61,B48,Runs!$E$2:$E$61,E48,Runs!$N$2:$N$61,N48,Runs!$AK$2:$AK$61,1),"") -> 3.6781399 | AN48: =IF(AK48=1,IF(AL48>1,(P48-AM48)^2*AL48/(AL48-1),0),0) -> 0.19324812 | AO48: =IF(ISNUMBER(R48),1,0) -> 1 | AP48: =COUNTIFS(Runs!$B$2:$B$61,B48,Runs!$E$2:$E$61,E48,Runs!$N$2:$N$61,N48,Runs!$AO$2:$AO$61,1) -> 2 | AQ48: =IF(AO48=1,AVERAGEIFS(Runs!$R$2:$R$61,Runs!$B$2:$B$61,B48,Runs!$E$2:$E$61,E48,Runs!$N$2:$N$61,N48,Runs!$AO$2:$AO$61,1),"") -> 93 | AR48: =IF(AO48=1,IF(AP48>1,(R48-AQ48)^2*AP48/(AP48-1),0),0) -> 2 | AS48: =IF(ISNUMBER(J48),1,0) -> 1 | AT48: =COUNTIFS(Runs!$B$2:$B$61,B48,Runs!$E$2:$E$61,E48,Runs!$N$2:$N$61,N48,Runs!$AS$2:$AS$61,1) -> 2 | AU48: =IF(AS48=1,AVERAGEIFS(Runs!$J$2:$J$61,Runs!$B$2:$B$61,B48,Runs!$E$2:$E$61,E48,Runs!$N$2:$N$61,N48,Runs!$AS$2:$AS$61,1),"") -> 1 | AV48: =IF(AS48=1,IF(AT48>1,(J48-AU48)^2*AT48/(AT48-1),0),0) -> 0 | AW48: =IF(ISNUMBER(Q48),1,0) -> 1 | AX48: =COUNTIFS(Runs!$B$2:$B$61,B48,Runs!$E$2:$E$61,E48,Runs!$N$2:$N$61,N48,Runs!$AW$2:$AW$61,1) -> 2 | AY48: =IF(AW48=1,AVERAGEIFS(Runs!$Q$2:$Q$61,Runs!$B$2:$B$61,B48,Runs!$E$2:$E$61,E48,Runs!$N$2:$N$61,N48,Runs!$AW$2:$AW$61,1),"") -> 5.1057802 | AZ48: =IF(AW48=1,IF(AX48>1,(Q48-AY48)^2*AX48/(AX48-1),0),0) -> 0.00066130277
A49: 541866 | B49: gptoss-20b | C49: kanban-board | D49: no_verification | E49: seen | F49: 2 | G49: finished | H49: 54 | I49: 0 | J49: 1 | K49: 162 | L49: 0 | M49: 1 | N49: =C49&"|"&D49 -> kanban-board|no_verification | O49: =IF(G49="finished",0,1) -> 0 | P49: =IF(O49=0,LN(H49),"") -> 3.988984 | Q49: =IF(ISNUMBER(K49),IF(K49>0,LN(K49),""),"") -> 5.0875963 | R49: =IF(M49=1,INDEX(Quality!$AF:$AF,MATCH(A49,Quality!$A:$A,0)),"") -> 92 | S49: =IF(R49="","",IF(T49=1,0,R49)) -> 0 | T49: =IF(M49=1,INDEX(Quality!$AG:$AG,MATCH(A49,Quality!$A:$A,0)),0) -> 1 | U49: =IF(M49=1,INDEX(Quality!$AS:$AS,MATCH(A49,Quality!$A:$A,0)),"") -> 0.6 | V49: 0 | W49: 3.98898 | X49: 5.0876 | Y49: 92 | Z49: 1 | AA49: 0.6 | AB49: finished | AC49: 54 | AD49: 1 | AE49: 162 | AF49: 0 | AG49: 0 | AH49: =IF(AND(G49=AB49,IF(AND(ISNUMBER(H49),ISNUMBER(AC49)),ABS(N(H49)-N(AC49))<=Settings!$B$9*MAX(1,ABS(N(AC49))),AND(H49="",AC49="")),IF(AND(ISNUMBER(J49),ISNUMBER(AD49)),ABS(N(J49)-N(AD49))<=Settings!$B$9*MAX(1,ABS(N(AD49))),AND(J49="",AD49="")),IF(AND(ISNUMBER(K49),ISNUMBER(AE49)),ABS(N(K49)-N(AE49))<=Settings!$B$9*MAX(1,ABS(N(AE49))),AND(K49="",AE49="")),L49=AF49,I49=AG49),"ok","CHECK") -> ok | AI49: =IF(AND(IF(AND(ISNUMBER(O49),ISNUMBER(V49)),ABS(N(O49)-N(V49))<=Settings!$B$9*MAX(1,ABS(N(V49))),AND(O49="",V49="")),IF(AND(ISNUMBER(P49),ISNUMBER(W49)),ABS(N(P49)-N(W49))<=Settings!$B$9*MAX(1,ABS(N(W49))),AND(P49="",W49="")),IF(AND(ISNUMBER(Q49),ISNUMBER(X49)),ABS(N(Q49)-N(X49))<=Settings!$B$9*MAX(1,ABS(N(X49))),AND(Q49="",X49="")),IF(AND(ISNUMBER(R49),ISNUMBER(Y49)),ABS(N(R49)-N(Y49))<=Settings!$B$9*MAX(1,ABS(N(Y49))),AND(R49="",Y49="")),T49=Z49,IF(AND(ISNUMBER(U49),ISNUMBER(AA49)),ABS(N(U49)-N(AA49))<=Settings!$B$9*MAX(1,ABS(N(AA49))),AND(U49="",AA49=""))),"ok","CHECK") -> ok | AK49: =IF(ISNUMBER(P49),1,0) -> 1 | AL49: =COUNTIFS(Runs!$B$2:$B$61,B49,Runs!$E$2:$E$61,E49,Runs!$N$2:$N$61,N49,Runs!$AK$2:$AK$61,1) -> 2 | AM49: =IF(AK49=1,AVERAGEIFS(Runs!$P$2:$P$61,Runs!$B$2:$B$61,B49,Runs!$E$2:$E$61,E49,Runs!$N$2:$N$61,N49,Runs!$AK$2:$AK$61,1),"") -> 3.6781399 | AN49: =IF(AK49=1,IF(AL49>1,(P49-AM49)^2*AL49/(AL49-1),0),0) -> 0.19324812 | AO49: =IF(ISNUMBER(R49),1,0) -> 1 | AP49: =COUNTIFS(Runs!$B$2:$B$61,B49,Runs!$E$2:$E$61,E49,Runs!$N$2:$N$61,N49,Runs!$AO$2:$AO$61,1) -> 2 | AQ49: =IF(AO49=1,AVERAGEIFS(Runs!$R$2:$R$61,Runs!$B$2:$B$61,B49,Runs!$E$2:$E$61,E49,Runs!$N$2:$N$61,N49,Runs!$AO$2:$AO$61,1),"") -> 93 | AR49: =IF(AO49=1,IF(AP49>1,(R49-AQ49)^2*AP49/(AP49-1),0),0) -> 2 | AS49: =IF(ISNUMBER(J49),1,0) -> 1 | AT49: =COUNTIFS(Runs!$B$2:$B$61,B49,Runs!$E$2:$E$61,E49,Runs!$N$2:$N$61,N49,Runs!$AS$2:$AS$61,1) -> 2 | AU49: =IF(AS49=1,AVERAGEIFS(Runs!$J$2:$J$61,Runs!$B$2:$B$61,B49,Runs!$E$2:$E$61,E49,Runs!$N$2:$N$61,N49,Runs!$AS$2:$AS$61,1),"") -> 1 | AV49: =IF(AS49=1,IF(AT49>1,(J49-AU49)^2*AT49/(AT49-1),0),0) -> 0 | AW49: =IF(ISNUMBER(Q49),1,0) -> 1 | AX49: =COUNTIFS(Runs!$B$2:$B$61,B49,Runs!$E$2:$E$61,E49,Runs!$N$2:$N$61,N49,Runs!$AW$2:$AW$61,1) -> 2 | AY49: =IF(AW49=1,AVERAGEIFS(Runs!$Q$2:$Q$61,Runs!$B$2:$B$61,B49,Runs!$E$2:$E$61,E49,Runs!$N$2:$N$61,N49,Runs!$AW$2:$AW$61,1),"") -> 5.1057802 | AZ49: =IF(AW49=1,IF(AX49>1,(Q49-AY49)^2*AX49/(AX49-1),0),0) -> 0.00066130277
A50: 170540 | B50: gptoss-20b | C50: message-board | D50: execution | E50: unseen | F50: 1 | G50: finished | H50: 71 | I50: 0 | J50: 0.732394 | K50: 351 | L50: 1 | M50: 1 | N50: =C50&"|"&D50 -> message-board|execution | O50: =IF(G50="finished",0,1) -> 0 | P50: =IF(O50=0,LN(H50),"") -> 4.2626799 | Q50: =IF(ISNUMBER(K50),IF(K50>0,LN(K50),""),"") -> 5.8607862 | R50: =IF(M50=1,INDEX(Quality!$AF:$AF,MATCH(A50,Quality!$A:$A,0)),"") -> 3.7 | S50: =IF(R50="","",IF(T50=1,0,R50)) -> 3.7 | T50: =IF(M50=1,INDEX(Quality!$AG:$AG,MATCH(A50,Quality!$A:$A,0)),0) -> 0 | U50: =IF(M50=1,INDEX(Quality!$AS:$AS,MATCH(A50,Quality!$A:$A,0)),"") -> 1 | V50: 0 | W50: 4.26268 | X50: 5.86079 | Y50: 3.7 | Z50: 0 | AA50: 1 | AB50: finished | AC50: 71 | AD50: 0.73239437 | AE50: 351 | AF50: 1 | AG50: 0 | AH50: =IF(AND(G50=AB50,IF(AND(ISNUMBER(H50),ISNUMBER(AC50)),ABS(N(H50)-N(AC50))<=Settings!$B$9*MAX(1,ABS(N(AC50))),AND(H50="",AC50="")),IF(AND(ISNUMBER(J50),ISNUMBER(AD50)),ABS(N(J50)-N(AD50))<=Settings!$B$9*MAX(1,ABS(N(AD50))),AND(J50="",AD50="")),IF(AND(ISNUMBER(K50),ISNUMBER(AE50)),ABS(N(K50)-N(AE50))<=Settings!$B$9*MAX(1,ABS(N(AE50))),AND(K50="",AE50="")),L50=AF50,I50=AG50),"ok","CHECK") -> ok | AI50: =IF(AND(IF(AND(ISNUMBER(O50),ISNUMBER(V50)),ABS(N(O50)-N(V50))<=Settings!$B$9*MAX(1,ABS(N(V50))),AND(O50="",V50="")),IF(AND(ISNUMBER(P50),ISNUMBER(W50)),ABS(N(P50)-N(W50))<=Settings!$B$9*MAX(1,ABS(N(W50))),AND(P50="",W50="")),IF(AND(ISNUMBER(Q50),ISNUMBER(X50)),ABS(N(Q50)-N(X50))<=Settings!$B$9*MAX(1,ABS(N(X50))),AND(Q50="",X50="")),IF(AND(ISNUMBER(R50),ISNUMBER(Y50)),ABS(N(R50)-N(Y50))<=Settings!$B$9*MAX(1,ABS(N(Y50))),AND(R50="",Y50="")),T50=Z50,IF(AND(ISNUMBER(U50),ISNUMBER(AA50)),ABS(N(U50)-N(AA50))<=Settings!$B$9*MAX(1,ABS(N(AA50))),AND(U50="",AA50=""))),"ok","CHECK") -> ok | AK50: =IF(ISNUMBER(P50),1,0) -> 1 | AL50: =COUNTIFS(Runs!$B$2:$B$61,B50,Runs!$E$2:$E$61,E50,Runs!$N$2:$N$61,N50,Runs!$AK$2:$AK$61,1) -> 2 | AM50: =IF(AK50=1,AVERAGEIFS(Runs!$P$2:$P$61,Runs!$B$2:$B$61,B50,Runs!$E$2:$E$61,E50,Runs!$N$2:$N$61,N50,Runs!$AK$2:$AK$61,1),"") -> 4.0669404 | AN50: =IF(AK50=1,IF(AL50>1,(P50-AM50)^2*AL50/(AL50-1),0),0) -> 0.076627851 | AO50: =IF(ISNUMBER(R50),1,0) -> 1 | AP50: =COUNTIFS(Runs!$B$2:$B$61,B50,Runs!$E$2:$E$61,E50,Runs!$N$2:$N$61,N50,Runs!$AO$2:$AO$61,1) -> 2 | AQ50: =IF(AO50=1,AVERAGEIFS(Runs!$R$2:$R$61,Runs!$B$2:$B$61,B50,Runs!$E$2:$E$61,E50,Runs!$N$2:$N$61,N50,Runs!$AO$2:$AO$61,1),"") -> 40.74 | AR50: =IF(AO50=1,IF(AP50>1,(R50-AQ50)^2*AP50/(AP50-1),0),0) -> 2743.9232 | AS50: =IF(ISNUMBER(J50),1,0) -> 1 | AT50: =COUNTIFS(Runs!$B$2:$B$61,B50,Runs!$E$2:$E$61,E50,Runs!$N$2:$N$61,N50,Runs!$AS$2:$AS$61,1) -> 2 | AU50: =IF(AS50=1,AVERAGEIFS(Runs!$J$2:$J$61,Runs!$B$2:$B$61,B50,Runs!$E$2:$E$61,E50,Runs!$N$2:$N$61,N50,Runs!$AS$2:$AS$61,1),"") -> 0.7516135 | AV50: =IF(AS50=1,IF(AT50>1,(J50-AU50)^2*AT50/(AT50-1),0),0) -> 0.00073877836 | AW50: =IF(ISNUMBER(Q50),1,0) -> 1 | AX50: =COUNTIFS(Runs!$B$2:$B$61,B50,Runs!$E$2:$E$61,E50,Runs!$N$2:$N$61,N50,Runs!$AW$2:$AW$61,1) -> 2 | AY50: =IF(AW50=1,AVERAGEIFS(Runs!$Q$2:$Q$61,Runs!$B$2:$B$61,B50,Runs!$E$2:$E$61,E50,Runs!$N$2:$N$61,N50,Runs!$AW$2:$AW$61,1),"") -> 5.9121828 | AZ50: =IF(AW50=1,IF(AX50>1,(Q50-AY50)^2*AX50/(AX50-1),0),0) -> 0.0052832128
A51: 816501 | B51: gptoss-20b | C51: message-board | D51: execution | E51: unseen | F51: 2 | G51: finished | H51: 48 | I51: 0 | J51: 0.770833 | K51: 389 | L51: 0 | M51: 1 | N51: =C51&"|"&D51 -> message-board|execution | O51: =IF(G51="finished",0,1) -> 0 | P51: =IF(O51=0,LN(H51),"") -> 3.871201 | Q51: =IF(ISNUMBER(K51),IF(K51>0,LN(K51),""),"") -> 5.9635793 | R51: =IF(M51=1,INDEX(Quality!$AF:$AF,MATCH(A51,Quality!$A:$A,0)),"") -> 77.78 | S51: =IF(R51="","",IF(T51=1,0,R51)) -> 77.78 | T51: =IF(M51=1,INDEX(Quality!$AG:$AG,MATCH(A51,Quality!$A:$A,0)),0) -> 0 | U51: =IF(M51=1,INDEX(Quality!$AS:$AS,MATCH(A51,Quality!$A:$A,0)),"") -> 0.75 | V51: 0 | W51: 3.8712 | X51: 5.96358 | Y51: 77.78 | Z51: 0 | AA51: 0.75 | AB51: finished | AC51: 48 | AD51: 0.77083333 | AE51: 389 | AF51: 0 | AG51: 0 | AH51: =IF(AND(G51=AB51,IF(AND(ISNUMBER(H51),ISNUMBER(AC51)),ABS(N(H51)-N(AC51))<=Settings!$B$9*MAX(1,ABS(N(AC51))),AND(H51="",AC51="")),IF(AND(ISNUMBER(J51),ISNUMBER(AD51)),ABS(N(J51)-N(AD51))<=Settings!$B$9*MAX(1,ABS(N(AD51))),AND(J51="",AD51="")),IF(AND(ISNUMBER(K51),ISNUMBER(AE51)),ABS(N(K51)-N(AE51))<=Settings!$B$9*MAX(1,ABS(N(AE51))),AND(K51="",AE51="")),L51=AF51,I51=AG51),"ok","CHECK") -> ok | AI51: =IF(AND(IF(AND(ISNUMBER(O51),ISNUMBER(V51)),ABS(N(O51)-N(V51))<=Settings!$B$9*MAX(1,ABS(N(V51))),AND(O51="",V51="")),IF(AND(ISNUMBER(P51),ISNUMBER(W51)),ABS(N(P51)-N(W51))<=Settings!$B$9*MAX(1,ABS(N(W51))),AND(P51="",W51="")),IF(AND(ISNUMBER(Q51),ISNUMBER(X51)),ABS(N(Q51)-N(X51))<=Settings!$B$9*MAX(1,ABS(N(X51))),AND(Q51="",X51="")),IF(AND(ISNUMBER(R51),ISNUMBER(Y51)),ABS(N(R51)-N(Y51))<=Settings!$B$9*MAX(1,ABS(N(Y51))),AND(R51="",Y51="")),T51=Z51,IF(AND(ISNUMBER(U51),ISNUMBER(AA51)),ABS(N(U51)-N(AA51))<=Settings!$B$9*MAX(1,ABS(N(AA51))),AND(U51="",AA51=""))),"ok","CHECK") -> ok | AK51: =IF(ISNUMBER(P51),1,0) -> 1 | AL51: =COUNTIFS(Runs!$B$2:$B$61,B51,Runs!$E$2:$E$61,E51,Runs!$N$2:$N$61,N51,Runs!$AK$2:$AK$61,1) -> 2 | AM51: =IF(AK51=1,AVERAGEIFS(Runs!$P$2:$P$61,Runs!$B$2:$B$61,B51,Runs!$E$2:$E$61,E51,Runs!$N$2:$N$61,N51,Runs!$AK$2:$AK$61,1),"") -> 4.0669404 | AN51: =IF(AK51=1,IF(AL51>1,(P51-AM51)^2*AL51/(AL51-1),0),0) -> 0.076627851 | AO51: =IF(ISNUMBER(R51),1,0) -> 1 | AP51: =COUNTIFS(Runs!$B$2:$B$61,B51,Runs!$E$2:$E$61,E51,Runs!$N$2:$N$61,N51,Runs!$AO$2:$AO$61,1) -> 2 | AQ51: =IF(AO51=1,AVERAGEIFS(Runs!$R$2:$R$61,Runs!$B$2:$B$61,B51,Runs!$E$2:$E$61,E51,Runs!$N$2:$N$61,N51,Runs!$AO$2:$AO$61,1),"") -> 40.74 | AR51: =IF(AO51=1,IF(AP51>1,(R51-AQ51)^2*AP51/(AP51-1),0),0) -> 2743.9232 | AS51: =IF(ISNUMBER(J51),1,0) -> 1 | AT51: =COUNTIFS(Runs!$B$2:$B$61,B51,Runs!$E$2:$E$61,E51,Runs!$N$2:$N$61,N51,Runs!$AS$2:$AS$61,1) -> 2 | AU51: =IF(AS51=1,AVERAGEIFS(Runs!$J$2:$J$61,Runs!$B$2:$B$61,B51,Runs!$E$2:$E$61,E51,Runs!$N$2:$N$61,N51,Runs!$AS$2:$AS$61,1),"") -> 0.7516135 | AV51: =IF(AS51=1,IF(AT51>1,(J51-AU51)^2*AT51/(AT51-1),0),0) -> 0.00073877836 | AW51: =IF(ISNUMBER(Q51),1,0) -> 1 | AX51: =COUNTIFS(Runs!$B$2:$B$61,B51,Runs!$E$2:$E$61,E51,Runs!$N$2:$N$61,N51,Runs!$AW$2:$AW$61,1) -> 2 | AY51: =IF(AW51=1,AVERAGEIFS(Runs!$Q$2:$Q$61,Runs!$B$2:$B$61,B51,Runs!$E$2:$E$61,E51,Runs!$N$2:$N$61,N51,Runs!$AW$2:$AW$61,1),"") -> 5.9121828 | AZ51: =IF(AW51=1,IF(AX51>1,(Q51-AY51)^2*AX51/(AX51-1),0),0) -> 0.0052832128
A52: 558095 | B52: gptoss-20b | C52: message-board | D52: execution | E52: seen | F52: 1 | G52: finished | H52: 38 | I52: 1 | J52: 0.973684 | K52: 131 | L52: 0 | M52: 1 | N52: =C52&"|"&D52 -> message-board|execution | O52: =IF(G52="finished",0,1) -> 0 | P52: =IF(O52=0,LN(H52),"") -> 3.6375862 | Q52: =IF(ISNUMBER(K52),IF(K52>0,LN(K52),""),"") -> 4.8751973 | R52: =IF(M52=1,INDEX(Quality!$AF:$AF,MATCH(A52,Quality!$A:$A,0)),"") -> 92.59 | S52: =IF(R52="","",IF(T52=1,0,R52)) -> 92.59 | T52: =IF(M52=1,INDEX(Quality!$AG:$AG,MATCH(A52,Quality!$A:$A,0)),0) -> 0 | U52: =IF(M52=1,INDEX(Quality!$AS:$AS,MATCH(A52,Quality!$A:$A,0)),"") -> 0.75 | V52: 0 | W52: 3.63759 | X52: 4.8752 | Y52: 92.59 | Z52: 0 | AA52: 0.75 | AB52: finished | AC52: 38 | AD52: 0.97368421 | AE52: 131 | AF52: 0 | AG52: 1 | AH52: =IF(AND(G52=AB52,IF(AND(ISNUMBER(H52),ISNUMBER(AC52)),ABS(N(H52)-N(AC52))<=Settings!$B$9*MAX(1,ABS(N(AC52))),AND(H52="",AC52="")),IF(AND(ISNUMBER(J52),ISNUMBER(AD52)),ABS(N(J52)-N(AD52))<=Settings!$B$9*MAX(1,ABS(N(AD52))),AND(J52="",AD52="")),IF(AND(ISNUMBER(K52),ISNUMBER(AE52)),ABS(N(K52)-N(AE52))<=Settings!$B$9*MAX(1,ABS(N(AE52))),AND(K52="",AE52="")),L52=AF52,I52=AG52),"ok","CHECK") -> ok | AI52: =IF(AND(IF(AND(ISNUMBER(O52),ISNUMBER(V52)),ABS(N(O52)-N(V52))<=Settings!$B$9*MAX(1,ABS(N(V52))),AND(O52="",V52="")),IF(AND(ISNUMBER(P52),ISNUMBER(W52)),ABS(N(P52)-N(W52))<=Settings!$B$9*MAX(1,ABS(N(W52))),AND(P52="",W52="")),IF(AND(ISNUMBER(Q52),ISNUMBER(X52)),ABS(N(Q52)-N(X52))<=Settings!$B$9*MAX(1,ABS(N(X52))),AND(Q52="",X52="")),IF(AND(ISNUMBER(R52),ISNUMBER(Y52)),ABS(N(R52)-N(Y52))<=Settings!$B$9*MAX(1,ABS(N(Y52))),AND(R52="",Y52="")),T52=Z52,IF(AND(ISNUMBER(U52),ISNUMBER(AA52)),ABS(N(U52)-N(AA52))<=Settings!$B$9*MAX(1,ABS(N(AA52))),AND(U52="",AA52=""))),"ok","CHECK") -> ok | AK52: =IF(ISNUMBER(P52),1,0) -> 1 | AL52: =COUNTIFS(Runs!$B$2:$B$61,B52,Runs!$E$2:$E$61,E52,Runs!$N$2:$N$61,N52,Runs!$AK$2:$AK$61,1) -> 2 | AM52: =IF(AK52=1,AVERAGEIFS(Runs!$P$2:$P$61,Runs!$B$2:$B$61,B52,Runs!$E$2:$E$61,E52,Runs!$N$2:$N$61,N52,Runs!$AK$2:$AK$61,1),"") -> 3.6505739 | AN52: =IF(AK52=1,IF(AL52>1,(P52-AM52)^2*AL52/(AL52-1),0),0) -> 0.00033736295 | AO52: =IF(ISNUMBER(R52),1,0) -> 1 | AP52: =COUNTIFS(Runs!$B$2:$B$61,B52,Runs!$E$2:$E$61,E52,Runs!$N$2:$N$61,N52,Runs!$AO$2:$AO$61,1) -> 2 | AQ52: =IF(AO52=1,AVERAGEIFS(Runs!$R$2:$R$61,Runs!$B$2:$B$61,B52,Runs!$E$2:$E$61,E52,Runs!$N$2:$N$61,N52,Runs!$AO$2:$AO$61,1),"") -> 94.445 | AR52: =IF(AO52=1,IF(AP52>1,(R52-AQ52)^2*AP52/(AP52-1),0),0) -> 6.88205 | AS52: =IF(ISNUMBER(J52),1,0) -> 1 | AT52: =COUNTIFS(Runs!$B$2:$B$61,B52,Runs!$E$2:$E$61,E52,Runs!$N$2:$N$61,N52,Runs!$AS$2:$AS$61,1) -> 2 | AU52: =IF(AS52=1,AVERAGEIFS(Runs!$J$2:$J$61,Runs!$B$2:$B$61,B52,Runs!$E$2:$E$61,E52,Runs!$N$2:$N$61,N52,Runs!$AS$2:$AS$61,1),"") -> 0.986842 | AV52: =IF(AS52=1,IF(AT52>1,(J52-AU52)^2*AT52/(AT52-1),0),0) -> 0.00034626593 | AW52: =IF(ISNUMBER(Q52),1,0) -> 1 | AX52: =COUNTIFS(Runs!$B$2:$B$61,B52,Runs!$E$2:$E$61,E52,Runs!$N$2:$N$61,N52,Runs!$AW$2:$AW$61,1) -> 2 | AY52: =IF(AW52=1,AVERAGEIFS(Runs!$Q$2:$Q$61,Runs!$B$2:$B$61,B52,Runs!$E$2:$E$61,E52,Runs!$N$2:$N$61,N52,Runs!$AW$2:$AW$61,1),"") -> 4.8865186 | AZ52: =IF(AW52=1,IF(AX52>1,(Q52-AY52)^2*AX52/(AX52-1),0),0) -> 0.00025634088
A53: 351804 | B53: gptoss-20b | C53: message-board | D53: execution | E53: seen | F53: 2 | G53: finished | H53: 39 | I53: 0 | J53: 1 | K53: 134 | L53: 0 | M53: 1 | N53: =C53&"|"&D53 -> message-board|execution | O53: =IF(G53="finished",0,1) -> 0 | P53: =IF(O53=0,LN(H53),"") -> 3.6635616 | Q53: =IF(ISNUMBER(K53),IF(K53>0,LN(K53),""),"") -> 4.8978398 | R53: =IF(M53=1,INDEX(Quality!$AF:$AF,MATCH(A53,Quality!$A:$A,0)),"") -> 96.3 | S53: =IF(R53="","",IF(T53=1,0,R53)) -> 96.3 | T53: =IF(M53=1,INDEX(Quality!$AG:$AG,MATCH(A53,Quality!$A:$A,0)),0) -> 0 | U53: =IF(M53=1,INDEX(Quality!$AS:$AS,MATCH(A53,Quality!$A:$A,0)),"") -> 1 | V53: 0 | W53: 3.66356 | X53: 4.89784 | Y53: 96.3 | Z53: 0 | AA53: 1 | AB53: finished | AC53: 39 | AD53: 1 | AE53: 134 | AF53: 0 | AG53: 0 | AH53: =IF(AND(G53=AB53,IF(AND(ISNUMBER(H53),ISNUMBER(AC53)),ABS(N(H53)-N(AC53))<=Settings!$B$9*MAX(1,ABS(N(AC53))),AND(H53="",AC53="")),IF(AND(ISNUMBER(J53),ISNUMBER(AD53)),ABS(N(J53)-N(AD53))<=Settings!$B$9*MAX(1,ABS(N(AD53))),AND(J53="",AD53="")),IF(AND(ISNUMBER(K53),ISNUMBER(AE53)),ABS(N(K53)-N(AE53))<=Settings!$B$9*MAX(1,ABS(N(AE53))),AND(K53="",AE53="")),L53=AF53,I53=AG53),"ok","CHECK") -> ok | AI53: =IF(AND(IF(AND(ISNUMBER(O53),ISNUMBER(V53)),ABS(N(O53)-N(V53))<=Settings!$B$9*MAX(1,ABS(N(V53))),AND(O53="",V53="")),IF(AND(ISNUMBER(P53),ISNUMBER(W53)),ABS(N(P53)-N(W53))<=Settings!$B$9*MAX(1,ABS(N(W53))),AND(P53="",W53="")),IF(AND(ISNUMBER(Q53),ISNUMBER(X53)),ABS(N(Q53)-N(X53))<=Settings!$B$9*MAX(1,ABS(N(X53))),AND(Q53="",X53="")),IF(AND(ISNUMBER(R53),ISNUMBER(Y53)),ABS(N(R53)-N(Y53))<=Settings!$B$9*MAX(1,ABS(N(Y53))),AND(R53="",Y53="")),T53=Z53,IF(AND(ISNUMBER(U53),ISNUMBER(AA53)),ABS(N(U53)-N(AA53))<=Settings!$B$9*MAX(1,ABS(N(AA53))),AND(U53="",AA53=""))),"ok","CHECK") -> ok | AK53: =IF(ISNUMBER(P53),1,0) -> 1 | AL53: =COUNTIFS(Runs!$B$2:$B$61,B53,Runs!$E$2:$E$61,E53,Runs!$N$2:$N$61,N53,Runs!$AK$2:$AK$61,1) -> 2 | AM53: =IF(AK53=1,AVERAGEIFS(Runs!$P$2:$P$61,Runs!$B$2:$B$61,B53,Runs!$E$2:$E$61,E53,Runs!$N$2:$N$61,N53,Runs!$AK$2:$AK$61,1),"") -> 3.6505739 | AN53: =IF(AK53=1,IF(AL53>1,(P53-AM53)^2*AL53/(AL53-1),0),0) -> 0.00033736295 | AO53: =IF(ISNUMBER(R53),1,0) -> 1 | AP53: =COUNTIFS(Runs!$B$2:$B$61,B53,Runs!$E$2:$E$61,E53,Runs!$N$2:$N$61,N53,Runs!$AO$2:$AO$61,1) -> 2 | AQ53: =IF(AO53=1,AVERAGEIFS(Runs!$R$2:$R$61,Runs!$B$2:$B$61,B53,Runs!$E$2:$E$61,E53,Runs!$N$2:$N$61,N53,Runs!$AO$2:$AO$61,1),"") -> 94.445 | AR53: =IF(AO53=1,IF(AP53>1,(R53-AQ53)^2*AP53/(AP53-1),0),0) -> 6.88205 | AS53: =IF(ISNUMBER(J53),1,0) -> 1 | AT53: =COUNTIFS(Runs!$B$2:$B$61,B53,Runs!$E$2:$E$61,E53,Runs!$N$2:$N$61,N53,Runs!$AS$2:$AS$61,1) -> 2 | AU53: =IF(AS53=1,AVERAGEIFS(Runs!$J$2:$J$61,Runs!$B$2:$B$61,B53,Runs!$E$2:$E$61,E53,Runs!$N$2:$N$61,N53,Runs!$AS$2:$AS$61,1),"") -> 0.986842 | AV53: =IF(AS53=1,IF(AT53>1,(J53-AU53)^2*AT53/(AT53-1),0),0) -> 0.00034626593 | AW53: =IF(ISNUMBER(Q53),1,0) -> 1 | AX53: =COUNTIFS(Runs!$B$2:$B$61,B53,Runs!$E$2:$E$61,E53,Runs!$N$2:$N$61,N53,Runs!$AW$2:$AW$61,1) -> 2 | AY53: =IF(AW53=1,AVERAGEIFS(Runs!$Q$2:$Q$61,Runs!$B$2:$B$61,B53,Runs!$E$2:$E$61,E53,Runs!$N$2:$N$61,N53,Runs!$AW$2:$AW$61,1),"") -> 4.8865186 | AZ53: =IF(AW53=1,IF(AX53>1,(Q53-AY53)^2*AX53/(AX53-1),0),0) -> 0.00025634088
A54: 545638 | B54: gptoss-20b | C54: message-board | D54: interactive | E54: unseen | F54: 1 | G54: finished | H54: 14 | I54: 0 | J54: 0.714286 | K54: 441 | L54: 1 | M54: 1 | N54: =C54&"|"&D54 -> message-board|interactive | O54: =IF(G54="finished",0,1) -> 0 | P54: =IF(O54=0,LN(H54),"") -> 2.6390573 | Q54: =IF(ISNUMBER(K54),IF(K54>0,LN(K54),""),"") -> 6.0890449 | R54: =IF(M54=1,INDEX(Quality!$AF:$AF,MATCH(A54,Quality!$A:$A,0)),"") -> 92.59 | S54: =IF(R54="","",IF(T54=1,0,R54)) -> 92.59 | T54: =IF(M54=1,INDEX(Quality!$AG:$AG,MATCH(A54,Quality!$A:$A,0)),0) -> 0 | U54: =IF(M54=1,INDEX(Quality!$AS:$AS,MATCH(A54,Quality!$A:$A,0)),"") -> 0.75 | V54: 0 | W54: 2.63906 | X54: 6.08904 | Y54: 92.59 | Z54: 0 | AA54: 0.75 | AB54: finished | AC54: 14 | AD54: 0.71428571 | AE54: 441 | AF54: 1 | AG54: 0 | AH54: =IF(AND(G54=AB54,IF(AND(ISNUMBER(H54),ISNUMBER(AC54)),ABS(N(H54)-N(AC54))<=Settings!$B$9*MAX(1,ABS(N(AC54))),AND(H54="",AC54="")),IF(AND(ISNUMBER(J54),ISNUMBER(AD54)),ABS(N(J54)-N(AD54))<=Settings!$B$9*MAX(1,ABS(N(AD54))),AND(J54="",AD54="")),IF(AND(ISNUMBER(K54),ISNUMBER(AE54)),ABS(N(K54)-N(AE54))<=Settings!$B$9*MAX(1,ABS(N(AE54))),AND(K54="",AE54="")),L54=AF54,I54=AG54),"ok","CHECK") -> ok | AI54: =IF(AND(IF(AND(ISNUMBER(O54),ISNUMBER(V54)),ABS(N(O54)-N(V54))<=Settings!$B$9*MAX(1,ABS(N(V54))),AND(O54="",V54="")),IF(AND(ISNUMBER(P54),ISNUMBER(W54)),ABS(N(P54)-N(W54))<=Settings!$B$9*MAX(1,ABS(N(W54))),AND(P54="",W54="")),IF(AND(ISNUMBER(Q54),ISNUMBER(X54)),ABS(N(Q54)-N(X54))<=Settings!$B$9*MAX(1,ABS(N(X54))),AND(Q54="",X54="")),IF(AND(ISNUMBER(R54),ISNUMBER(Y54)),ABS(N(R54)-N(Y54))<=Settings!$B$9*MAX(1,ABS(N(Y54))),AND(R54="",Y54="")),T54=Z54,IF(AND(ISNUMBER(U54),ISNUMBER(AA54)),ABS(N(U54)-N(AA54))<=Settings!$B$9*MAX(1,ABS(N(AA54))),AND(U54="",AA54=""))),"ok","CHECK") -> ok | AK54: =IF(ISNUMBER(P54),1,0) -> 1 | AL54: =COUNTIFS(Runs!$B$2:$B$61,B54,Runs!$E$2:$E$61,E54,Runs!$N$2:$N$61,N54,Runs!$AK$2:$AK$61,1) -> 1 | AM54: =IF(AK54=1,AVERAGEIFS(Runs!$P$2:$P$61,Runs!$B$2:$B$61,B54,Runs!$E$2:$E$61,E54,Runs!$N$2:$N$61,N54,Runs!$AK$2:$AK$61,1),"") -> 2.6390573 | AN54: =IF(AK54=1,IF(AL54>1,(P54-AM54)^2*AL54/(AL54-1),0),0) -> 0 | AO54: =IF(ISNUMBER(R54),1,0) -> 1 | AP54: =COUNTIFS(Runs!$B$2:$B$61,B54,Runs!$E$2:$E$61,E54,Runs!$N$2:$N$61,N54,Runs!$AO$2:$AO$61,1) -> 2 | AQ54: =IF(AO54=1,AVERAGEIFS(Runs!$R$2:$R$61,Runs!$B$2:$B$61,B54,Runs!$E$2:$E$61,E54,Runs!$N$2:$N$61,N54,Runs!$AO$2:$AO$61,1),"") -> 92.59 | AR54: =IF(AO54=1,IF(AP54>1,(R54-AQ54)^2*AP54/(AP54-1),0),0) -> 0 | AS54: =IF(ISNUMBER(J54),1,0) -> 1 | AT54: =COUNTIFS(Runs!$B$2:$B$61,B54,Runs!$E$2:$E$61,E54,Runs!$N$2:$N$61,N54,Runs!$AS$2:$AS$61,1) -> 2 | AU54: =IF(AS54=1,AVERAGEIFS(Runs!$J$2:$J$61,Runs!$B$2:$B$61,B54,Runs!$E$2:$E$61,E54,Runs!$N$2:$N$61,N54,Runs!$AS$2:$AS$61,1),"") -> 0.7714285 | AV54: =IF(AS54=1,IF(AT54>1,(J54-AU54)^2*AT54/(AT54-1),0),0) -> 0.0065305306 | AW54: =IF(ISNUMBER(Q54),1,0) -> 1 | AX54: =COUNTIFS(Runs!$B$2:$B$61,B54,Runs!$E$2:$E$61,E54,Runs!$N$2:$N$61,N54,Runs!$AW$2:$AW$61,1) -> 2 | AY54: =IF(AW54=1,AVERAGEIFS(Runs!$Q$2:$Q$61,Runs!$B$2:$B$61,B54,Runs!$E$2:$E$61,E54,Runs!$N$2:$N$61,N54,Runs!$AW$2:$AW$61,1),"") -> 6.0483144 | AZ54: =IF(AW54=1,IF(AX54>1,(Q54-AY54)^2*AX54/(AX54-1),0),0) -> 0.0033179429
A55: 927045 | B55: gptoss-20b | C55: message-board | D55: interactive | E55: unseen | F55: 2 | G55: runaway_no_tool_call | H55: 70 | I55: 0 | J55: 0.828571 | K55: 406.5 | L55: 0 | M55: 1 | N55: =C55&"|"&D55 -> message-board|interactive | O55: =IF(G55="finished",0,1) -> 1 | P55: =IF(O55=0,LN(H55),"") | Q55: =IF(ISNUMBER(K55),IF(K55>0,LN(K55),""),"") -> 6.0075839 | R55: =IF(M55=1,INDEX(Quality!$AF:$AF,MATCH(A55,Quality!$A:$A,0)),"") -> 92.59 | S55: =IF(R55="","",IF(T55=1,0,R55)) -> 92.59 | T55: =IF(M55=1,INDEX(Quality!$AG:$AG,MATCH(A55,Quality!$A:$A,0)),0) -> 0 | U55: =IF(M55=1,INDEX(Quality!$AS:$AS,MATCH(A55,Quality!$A:$A,0)),"") -> 0.75 | V55: 1 | X55: 6.00758 | Y55: 92.59 | Z55: 0 | AA55: 0.75 | AB55: runaway_no_tool_call | AC55: 70 | AD55: 0.82857143 | AE55: 406.5 | AF55: 0 | AG55: 0 | AH55: =IF(AND(G55=AB55,IF(AND(ISNUMBER(H55),ISNUMBER(AC55)),ABS(N(H55)-N(AC55))<=Settings!$B$9*MAX(1,ABS(N(AC55))),AND(H55="",AC55="")),IF(AND(ISNUMBER(J55),ISNUMBER(AD55)),ABS(N(J55)-N(AD55))<=Settings!$B$9*MAX(1,ABS(N(AD55))),AND(J55="",AD55="")),IF(AND(ISNUMBER(K55),ISNUMBER(AE55)),ABS(N(K55)-N(AE55))<=Settings!$B$9*MAX(1,ABS(N(AE55))),AND(K55="",AE55="")),L55=AF55,I55=AG55),"ok","CHECK") -> ok | AI55: =IF(AND(IF(AND(ISNUMBER(O55),ISNUMBER(V55)),ABS(N(O55)-N(V55))<=Settings!$B$9*MAX(1,ABS(N(V55))),AND(O55="",V55="")),IF(AND(ISNUMBER(P55),ISNUMBER(W55)),ABS(N(P55)-N(W55))<=Settings!$B$9*MAX(1,ABS(N(W55))),AND(P55="",W55="")),IF(AND(ISNUMBER(Q55),ISNUMBER(X55)),ABS(N(Q55)-N(X55))<=Settings!$B$9*MAX(1,ABS(N(X55))),AND(Q55="",X55="")),IF(AND(ISNUMBER(R55),ISNUMBER(Y55)),ABS(N(R55)-N(Y55))<=Settings!$B$9*MAX(1,ABS(N(Y55))),AND(R55="",Y55="")),T55=Z55,IF(AND(ISNUMBER(U55),ISNUMBER(AA55)),ABS(N(U55)-N(AA55))<=Settings!$B$9*MAX(1,ABS(N(AA55))),AND(U55="",AA55=""))),"ok","CHECK") -> ok | AK55: =IF(ISNUMBER(P55),1,0) -> 0 | AL55: =COUNTIFS(Runs!$B$2:$B$61,B55,Runs!$E$2:$E$61,E55,Runs!$N$2:$N$61,N55,Runs!$AK$2:$AK$61,1) -> 1 | AM55: =IF(AK55=1,AVERAGEIFS(Runs!$P$2:$P$61,Runs!$B$2:$B$61,B55,Runs!$E$2:$E$61,E55,Runs!$N$2:$N$61,N55,Runs!$AK$2:$AK$61,1),"") | AN55: =IF(AK55=1,IF(AL55>1,(P55-AM55)^2*AL55/(AL55-1),0),0) -> 0 | AO55: =IF(ISNUMBER(R55),1,0) -> 1 | AP55: =COUNTIFS(Runs!$B$2:$B$61,B55,Runs!$E$2:$E$61,E55,Runs!$N$2:$N$61,N55,Runs!$AO$2:$AO$61,1) -> 2 | AQ55: =IF(AO55=1,AVERAGEIFS(Runs!$R$2:$R$61,Runs!$B$2:$B$61,B55,Runs!$E$2:$E$61,E55,Runs!$N$2:$N$61,N55,Runs!$AO$2:$AO$61,1),"") -> 92.59 | AR55: =IF(AO55=1,IF(AP55>1,(R55-AQ55)^2*AP55/(AP55-1),0),0) -> 0 | AS55: =IF(ISNUMBER(J55),1,0) -> 1 | AT55: =COUNTIFS(Runs!$B$2:$B$61,B55,Runs!$E$2:$E$61,E55,Runs!$N$2:$N$61,N55,Runs!$AS$2:$AS$61,1) -> 2 | AU55: =IF(AS55=1,AVERAGEIFS(Runs!$J$2:$J$61,Runs!$B$2:$B$61,B55,Runs!$E$2:$E$61,E55,Runs!$N$2:$N$61,N55,Runs!$AS$2:$AS$61,1),"") -> 0.7714285 | AV55: =IF(AS55=1,IF(AT55>1,(J55-AU55)^2*AT55/(AT55-1),0),0) -> 0.0065305306 | AW55: =IF(ISNUMBER(Q55),1,0) -> 1 | AX55: =COUNTIFS(Runs!$B$2:$B$61,B55,Runs!$E$2:$E$61,E55,Runs!$N$2:$N$61,N55,Runs!$AW$2:$AW$61,1) -> 2 | AY55: =IF(AW55=1,AVERAGEIFS(Runs!$Q$2:$Q$61,Runs!$B$2:$B$61,B55,Runs!$E$2:$E$61,E55,Runs!$N$2:$N$61,N55,Runs!$AW$2:$AW$61,1),"") -> 6.0483144 | AZ55: =IF(AW55=1,IF(AX55>1,(Q55-AY55)^2*AX55/(AX55-1),0),0) -> 0.0033179429
A56: 753038 | B56: gptoss-20b | C56: message-board | D56: interactive | E56: seen | F56: 1 | G56: finished | H56: 32 | I56: 0 | J56: 1 | K56: 146 | L56: 0 | M56: 1 | N56: =C56&"|"&D56 -> message-board|interactive | O56: =IF(G56="finished",0,1) -> 0 | P56: =IF(O56=0,LN(H56),"") -> 3.4657359 | Q56: =IF(ISNUMBER(K56),IF(K56>0,LN(K56),""),"") -> 4.9836066 | R56: =IF(M56=1,INDEX(Quality!$AF:$AF,MATCH(A56,Quality!$A:$A,0)),"") -> 3.7 | S56: =IF(R56="","",IF(T56=1,0,R56)) -> 3.7 | T56: =IF(M56=1,INDEX(Quality!$AG:$AG,MATCH(A56,Quality!$A:$A,0)),0) -> 0 | U56: =IF(M56=1,INDEX(Quality!$AS:$AS,MATCH(A56,Quality!$A:$A,0)),"") -> 0.5 | V56: 0 | W56: 3.46574 | X56: 4.98361 | Y56: 3.7 | Z56: 0 | AA56: 0.5 | AB56: finished | AC56: 32 | AD56: 1 | AE56: 146 | AF56: 0 | AG56: 0 | AH56: =IF(AND(G56=AB56,IF(AND(ISNUMBER(H56),ISNUMBER(AC56)),ABS(N(H56)-N(AC56))<=Settings!$B$9*MAX(1,ABS(N(AC56))),AND(H56="",AC56="")),IF(AND(ISNUMBER(J56),ISNUMBER(AD56)),ABS(N(J56)-N(AD56))<=Settings!$B$9*MAX(1,ABS(N(AD56))),AND(J56="",AD56="")),IF(AND(ISNUMBER(K56),ISNUMBER(AE56)),ABS(N(K56)-N(AE56))<=Settings!$B$9*MAX(1,ABS(N(AE56))),AND(K56="",AE56="")),L56=AF56,I56=AG56),"ok","CHECK") -> ok | AI56: =IF(AND(IF(AND(ISNUMBER(O56),ISNUMBER(V56)),ABS(N(O56)-N(V56))<=Settings!$B$9*MAX(1,ABS(N(V56))),AND(O56="",V56="")),IF(AND(ISNUMBER(P56),ISNUMBER(W56)),ABS(N(P56)-N(W56))<=Settings!$B$9*MAX(1,ABS(N(W56))),AND(P56="",W56="")),IF(AND(ISNUMBER(Q56),ISNUMBER(X56)),ABS(N(Q56)-N(X56))<=Settings!$B$9*MAX(1,ABS(N(X56))),AND(Q56="",X56="")),IF(AND(ISNUMBER(R56),ISNUMBER(Y56)),ABS(N(R56)-N(Y56))<=Settings!$B$9*MAX(1,ABS(N(Y56))),AND(R56="",Y56="")),T56=Z56,IF(AND(ISNUMBER(U56),ISNUMBER(AA56)),ABS(N(U56)-N(AA56))<=Settings!$B$9*MAX(1,ABS(N(AA56))),AND(U56="",AA56=""))),"ok","CHECK") -> ok | AK56: =IF(ISNUMBER(P56),1,0) -> 1 | AL56: =COUNTIFS(Runs!$B$2:$B$61,B56,Runs!$E$2:$E$61,E56,Runs!$N$2:$N$61,N56,Runs!$AK$2:$AK$61,1) -> 2 | AM56: =IF(AK56=1,AVERAGEIFS(Runs!$P$2:$P$61,Runs!$B$2:$B$61,B56,Runs!$E$2:$E$61,E56,Runs!$N$2:$N$61,N56,Runs!$AK$2:$AK$61,1),"") -> 3.7543936 | AN56: =IF(AK56=1,IF(AL56>1,(P56-AM56)^2*AL56/(AL56-1),0),0) -> 0.16664652 | AO56: =IF(ISNUMBER(R56),1,0) -> 1 | AP56: =COUNTIFS(Runs!$B$2:$B$61,B56,Runs!$E$2:$E$61,E56,Runs!$N$2:$N$61,N56,Runs!$AO$2:$AO$61,1) -> 2 | AQ56: =IF(AO56=1,AVERAGEIFS(Runs!$R$2:$R$61,Runs!$B$2:$B$61,B56,Runs!$E$2:$E$61,E56,Runs!$N$2:$N$61,N56,Runs!$AO$2:$AO$61,1),"") -> 46.295 | AR56: =IF(AO56=1,IF(AP56>1,(R56-AQ56)^2*AP56/(AP56-1),0),0) -> 3628.6681 | AS56: =IF(ISNUMBER(J56),1,0) -> 1 | AT56: =COUNTIFS(Runs!$B$2:$B$61,B56,Runs!$E$2:$E$61,E56,Runs!$N$2:$N$61,N56,Runs!$AS$2:$AS$61,1) -> 2 | AU56: =IF(AS56=1,AVERAGEIFS(Runs!$J$2:$J$61,Runs!$B$2:$B$61,B56,Runs!$E$2:$E$61,E56,Runs!$N$2:$N$61,N56,Runs!$AS$2:$AS$61,1),"") -> 1 | AV56: =IF(AS56=1,IF(AT56>1,(J56-AU56)^2*AT56/(AT56-1),0),0) -> 0 | AW56: =IF(ISNUMBER(Q56),1,0) -> 1 | AX56: =COUNTIFS(Runs!$B$2:$B$61,B56,Runs!$E$2:$E$61,E56,Runs!$N$2:$N$61,N56,Runs!$AW$2:$AW$61,1) -> 2 | AY56: =IF(AW56=1,AVERAGEIFS(Runs!$Q$2:$Q$61,Runs!$B$2:$B$61,B56,Runs!$E$2:$E$61,E56,Runs!$N$2:$N$61,N56,Runs!$AW$2:$AW$61,1),"") -> 5.0477972 | AZ56: =IF(AW56=1,IF(AX56>1,(Q56-AY56)^2*AX56/(AX56-1),0),0) -> 0.008240862
A57: 566854 | B57: gptoss-20b | C57: message-board | D57: interactive | E57: seen | F57: 2 | G57: finished | H57: 57 | I57: 0 | J57: 1 | K57: 166 | L57: 0 | M57: 1 | N57: =C57&"|"&D57 -> message-board|interactive | O57: =IF(G57="finished",0,1) -> 0 | P57: =IF(O57=0,LN(H57),"") -> 4.0430513 | Q57: =IF(ISNUMBER(K57),IF(K57>0,LN(K57),""),"") -> 5.1119878 | R57: =IF(M57=1,INDEX(Quality!$AF:$AF,MATCH(A57,Quality!$A:$A,0)),"") -> 88.89 | S57: =IF(R57="","",IF(T57=1,0,R57)) -> 88.89 | T57: =IF(M57=1,INDEX(Quality!$AG:$AG,MATCH(A57,Quality!$A:$A,0)),0) -> 0 | U57: =IF(M57=1,INDEX(Quality!$AS:$AS,MATCH(A57,Quality!$A:$A,0)),"") -> 1 | V57: 0 | W57: 4.04305 | X57: 5.11199 | Y57: 88.89 | Z57: 0 | AA57: 1 | AB57: finished | AC57: 57 | AD57: 1 | AE57: 166 | AF57: 0 | AG57: 0 | AH57: =IF(AND(G57=AB57,IF(AND(ISNUMBER(H57),ISNUMBER(AC57)),ABS(N(H57)-N(AC57))<=Settings!$B$9*MAX(1,ABS(N(AC57))),AND(H57="",AC57="")),IF(AND(ISNUMBER(J57),ISNUMBER(AD57)),ABS(N(J57)-N(AD57))<=Settings!$B$9*MAX(1,ABS(N(AD57))),AND(J57="",AD57="")),IF(AND(ISNUMBER(K57),ISNUMBER(AE57)),ABS(N(K57)-N(AE57))<=Settings!$B$9*MAX(1,ABS(N(AE57))),AND(K57="",AE57="")),L57=AF57,I57=AG57),"ok","CHECK") -> ok | AI57: =IF(AND(IF(AND(ISNUMBER(O57),ISNUMBER(V57)),ABS(N(O57)-N(V57))<=Settings!$B$9*MAX(1,ABS(N(V57))),AND(O57="",V57="")),IF(AND(ISNUMBER(P57),ISNUMBER(W57)),ABS(N(P57)-N(W57))<=Settings!$B$9*MAX(1,ABS(N(W57))),AND(P57="",W57="")),IF(AND(ISNUMBER(Q57),ISNUMBER(X57)),ABS(N(Q57)-N(X57))<=Settings!$B$9*MAX(1,ABS(N(X57))),AND(Q57="",X57="")),IF(AND(ISNUMBER(R57),ISNUMBER(Y57)),ABS(N(R57)-N(Y57))<=Settings!$B$9*MAX(1,ABS(N(Y57))),AND(R57="",Y57="")),T57=Z57,IF(AND(ISNUMBER(U57),ISNUMBER(AA57)),ABS(N(U57)-N(AA57))<=Settings!$B$9*MAX(1,ABS(N(AA57))),AND(U57="",AA57=""))),"ok","CHECK") -> ok | AK57: =IF(ISNUMBER(P57),1,0) -> 1 | AL57: =COUNTIFS(Runs!$B$2:$B$61,B57,Runs!$E$2:$E$61,E57,Runs!$N$2:$N$61,N57,Runs!$AK$2:$AK$61,1) -> 2 | AM57: =IF(AK57=1,AVERAGEIFS(Runs!$P$2:$P$61,Runs!$B$2:$B$61,B57,Runs!$E$2:$E$61,E57,Runs!$N$2:$N$61,N57,Runs!$AK$2:$AK$61,1),"") -> 3.7543936 | AN57: =IF(AK57=1,IF(AL57>1,(P57-AM57)^2*AL57/(AL57-1),0),0) -> 0.16664652 | AO57: =IF(ISNUMBER(R57),1,0) -> 1 | AP57: =COUNTIFS(Runs!$B$2:$B$61,B57,Runs!$E$2:$E$61,E57,Runs!$N$2:$N$61,N57,Runs!$AO$2:$AO$61,1) -> 2 | AQ57: =IF(AO57=1,AVERAGEIFS(Runs!$R$2:$R$61,Runs!$B$2:$B$61,B57,Runs!$E$2:$E$61,E57,Runs!$N$2:$N$61,N57,Runs!$AO$2:$AO$61,1),"") -> 46.295 | AR57: =IF(AO57=1,IF(AP57>1,(R57-AQ57)^2*AP57/(AP57-1),0),0) -> 3628.6681 | AS57: =IF(ISNUMBER(J57),1,0) -> 1 | AT57: =COUNTIFS(Runs!$B$2:$B$61,B57,Runs!$E$2:$E$61,E57,Runs!$N$2:$N$61,N57,Runs!$AS$2:$AS$61,1) -> 2 | AU57: =IF(AS57=1,AVERAGEIFS(Runs!$J$2:$J$61,Runs!$B$2:$B$61,B57,Runs!$E$2:$E$61,E57,Runs!$N$2:$N$61,N57,Runs!$AS$2:$AS$61,1),"") -> 1 | AV57: =IF(AS57=1,IF(AT57>1,(J57-AU57)^2*AT57/(AT57-1),0),0) -> 0 | AW57: =IF(ISNUMBER(Q57),1,0) -> 1 | AX57: =COUNTIFS(Runs!$B$2:$B$61,B57,Runs!$E$2:$E$61,E57,Runs!$N$2:$N$61,N57,Runs!$AW$2:$AW$61,1) -> 2 | AY57: =IF(AW57=1,AVERAGEIFS(Runs!$Q$2:$Q$61,Runs!$B$2:$B$61,B57,Runs!$E$2:$E$61,E57,Runs!$N$2:$N$61,N57,Runs!$AW$2:$AW$61,1),"") -> 5.0477972 | AZ57: =IF(AW57=1,IF(AX57>1,(Q57-AY57)^2*AX57/(AX57-1),0),0) -> 0.008240862
A58: 401052 | B58: gptoss-20b | C58: message-board | D58: no_verification | E58: unseen | F58: 1 | G58: finished | H58: 93 | I58: 1 | J58: 0.698925 | K58: 356 | L58: 1 | M58: 1 | N58: =C58&"|"&D58 -> message-board|no_verification | O58: =IF(G58="finished",0,1) -> 0 | P58: =IF(O58=0,LN(H58),"") -> 4.5325995 | Q58: =IF(ISNUMBER(K58),IF(K58>0,LN(K58),""),"") -> 5.8749307 | R58: =IF(M58=1,INDEX(Quality!$AF:$AF,MATCH(A58,Quality!$A:$A,0)),"") -> 25.93 | S58: =IF(R58="","",IF(T58=1,0,R58)) -> 25.93 | T58: =IF(M58=1,INDEX(Quality!$AG:$AG,MATCH(A58,Quality!$A:$A,0)),0) -> 0 | U58: =IF(M58=1,INDEX(Quality!$AS:$AS,MATCH(A58,Quality!$A:$A,0)),"") -> 1 | V58: 0 | W58: 4.5326 | X58: 5.87493 | Y58: 25.93 | Z58: 0 | AA58: 1 | AB58: finished | AC58: 93 | AD58: 0.69892473 | AE58: 356 | AF58: 1 | AG58: 1 | AH58: =IF(AND(G58=AB58,IF(AND(ISNUMBER(H58),ISNUMBER(AC58)),ABS(N(H58)-N(AC58))<=Settings!$B$9*MAX(1,ABS(N(AC58))),AND(H58="",AC58="")),IF(AND(ISNUMBER(J58),ISNUMBER(AD58)),ABS(N(J58)-N(AD58))<=Settings!$B$9*MAX(1,ABS(N(AD58))),AND(J58="",AD58="")),IF(AND(ISNUMBER(K58),ISNUMBER(AE58)),ABS(N(K58)-N(AE58))<=Settings!$B$9*MAX(1,ABS(N(AE58))),AND(K58="",AE58="")),L58=AF58,I58=AG58),"ok","CHECK") -> ok | AI58: =IF(AND(IF(AND(ISNUMBER(O58),ISNUMBER(V58)),ABS(N(O58)-N(V58))<=Settings!$B$9*MAX(1,ABS(N(V58))),AND(O58="",V58="")),IF(AND(ISNUMBER(P58),ISNUMBER(W58)),ABS(N(P58)-N(W58))<=Settings!$B$9*MAX(1,ABS(N(W58))),AND(P58="",W58="")),IF(AND(ISNUMBER(Q58),ISNUMBER(X58)),ABS(N(Q58)-N(X58))<=Settings!$B$9*MAX(1,ABS(N(X58))),AND(Q58="",X58="")),IF(AND(ISNUMBER(R58),ISNUMBER(Y58)),ABS(N(R58)-N(Y58))<=Settings!$B$9*MAX(1,ABS(N(Y58))),AND(R58="",Y58="")),T58=Z58,IF(AND(ISNUMBER(U58),ISNUMBER(AA58)),ABS(N(U58)-N(AA58))<=Settings!$B$9*MAX(1,ABS(N(AA58))),AND(U58="",AA58=""))),"ok","CHECK") -> ok | AK58: =IF(ISNUMBER(P58),1,0) -> 1 | AL58: =COUNTIFS(Runs!$B$2:$B$61,B58,Runs!$E$2:$E$61,E58,Runs!$N$2:$N$61,N58,Runs!$AK$2:$AK$61,1) -> 2 | AM58: =IF(AK58=1,AVERAGEIFS(Runs!$P$2:$P$61,Runs!$B$2:$B$61,B58,Runs!$E$2:$E$61,E58,Runs!$N$2:$N$61,N58,Runs!$AK$2:$AK$61,1),"") -> 4.3686461 | AN58: =IF(AK58=1,IF(AL58>1,(P58-AM58)^2*AL58/(AL58-1),0),0) -> 0.053761459 | AO58: =IF(ISNUMBER(R58),1,0) -> 1 | AP58: =COUNTIFS(Runs!$B$2:$B$61,B58,Runs!$E$2:$E$61,E58,Runs!$N$2:$N$61,N58,Runs!$AO$2:$AO$61,1) -> 2 | AQ58: =IF(AO58=1,AVERAGEIFS(Runs!$R$2:$R$61,Runs!$B$2:$B$61,B58,Runs!$E$2:$E$61,E58,Runs!$N$2:$N$61,N58,Runs!$AO$2:$AO$61,1),"") -> 61.115 | AR58: =IF(AO58=1,IF(AP58>1,(R58-AQ58)^2*AP58/(AP58-1),0),0) -> 2475.9684 | AS58: =IF(ISNUMBER(J58),1,0) -> 1 | AT58: =COUNTIFS(Runs!$B$2:$B$61,B58,Runs!$E$2:$E$61,E58,Runs!$N$2:$N$61,N58,Runs!$AS$2:$AS$61,1) -> 2 | AU58: =IF(AS58=1,AVERAGEIFS(Runs!$J$2:$J$61,Runs!$B$2:$B$61,B58,Runs!$E$2:$E$61,E58,Runs!$N$2:$N$61,N58,Runs!$AS$2:$AS$61,1),"") -> 0.692746 | AV58: =IF(AS58=1,IF(AT58>1,(J58-AU58)^2*AT58/(AT58-1),0),0) -> 7.6360082e-05 | AW58: =IF(ISNUMBER(Q58),1,0) -> 1 | AX58: =COUNTIFS(Runs!$B$2:$B$61,B58,Runs!$E$2:$E$61,E58,Runs!$N$2:$N$61,N58,Runs!$AW$2:$AW$61,1) -> 2 | AY58: =IF(AW58=1,AVERAGEIFS(Runs!$Q$2:$Q$61,Runs!$B$2:$B$61,B58,Runs!$E$2:$E$61,E58,Runs!$N$2:$N$61,N58,Runs!$AW$2:$AW$61,1),"") -> 6.030055 | AZ58: =IF(AW58=1,IF(AX58>1,(Q58-AY58)^2*AX58/(AX58-1),0),0) -> 0.048127084
A59: 203642 | B59: gptoss-20b | C59: message-board | D59: no_verification | E59: unseen | F59: 2 | G59: finished | H59: 67 | I59: 0 | J59: 0.686567 | K59: 485.5 | L59: 1 | M59: 1 | N59: =C59&"|"&D59 -> message-board|no_verification | O59: =IF(G59="finished",0,1) -> 0 | P59: =IF(O59=0,LN(H59),"") -> 4.2046926 | Q59: =IF(ISNUMBER(K59),IF(K59>0,LN(K59),""),"") -> 6.1851793 | R59: =IF(M59=1,INDEX(Quality!$AF:$AF,MATCH(A59,Quality!$A:$A,0)),"") -> 96.3 | S59: =IF(R59="","",IF(T59=1,0,R59)) -> 96.3 | T59: =IF(M59=1,INDEX(Quality!$AG:$AG,MATCH(A59,Quality!$A:$A,0)),0) -> 0 | U59: =IF(M59=1,INDEX(Quality!$AS:$AS,MATCH(A59,Quality!$A:$A,0)),"") -> 0.5 | V59: 0 | W59: 4.20469 | X59: 6.18518 | Y59: 96.3 | Z59: 0 | AA59: 0.5 | AB59: finished | AC59: 67 | AD59: 0.68656716 | AE59: 485.5 | AF59: 1 | AG59: 0 | AH59: =IF(AND(G59=AB59,IF(AND(ISNUMBER(H59),ISNUMBER(AC59)),ABS(N(H59)-N(AC59))<=Settings!$B$9*MAX(1,ABS(N(AC59))),AND(H59="",AC59="")),IF(AND(ISNUMBER(J59),ISNUMBER(AD59)),ABS(N(J59)-N(AD59))<=Settings!$B$9*MAX(1,ABS(N(AD59))),AND(J59="",AD59="")),IF(AND(ISNUMBER(K59),ISNUMBER(AE59)),ABS(N(K59)-N(AE59))<=Settings!$B$9*MAX(1,ABS(N(AE59))),AND(K59="",AE59="")),L59=AF59,I59=AG59),"ok","CHECK") -> ok | AI59: =IF(AND(IF(AND(ISNUMBER(O59),ISNUMBER(V59)),ABS(N(O59)-N(V59))<=Settings!$B$9*MAX(1,ABS(N(V59))),AND(O59="",V59="")),IF(AND(ISNUMBER(P59),ISNUMBER(W59)),ABS(N(P59)-N(W59))<=Settings!$B$9*MAX(1,ABS(N(W59))),AND(P59="",W59="")),IF(AND(ISNUMBER(Q59),ISNUMBER(X59)),ABS(N(Q59)-N(X59))<=Settings!$B$9*MAX(1,ABS(N(X59))),AND(Q59="",X59="")),IF(AND(ISNUMBER(R59),ISNUMBER(Y59)),ABS(N(R59)-N(Y59))<=Settings!$B$9*MAX(1,ABS(N(Y59))),AND(R59="",Y59="")),T59=Z59,IF(AND(ISNUMBER(U59),ISNUMBER(AA59)),ABS(N(U59)-N(AA59))<=Settings!$B$9*MAX(1,ABS(N(AA59))),AND(U59="",AA59=""))),"ok","CHECK") -> ok | AK59: =IF(ISNUMBER(P59),1,0) -> 1 | AL59: =COUNTIFS(Runs!$B$2:$B$61,B59,Runs!$E$2:$E$61,E59,Runs!$N$2:$N$61,N59,Runs!$AK$2:$AK$61,1) -> 2 | AM59: =IF(AK59=1,AVERAGEIFS(Runs!$P$2:$P$61,Runs!$B$2:$B$61,B59,Runs!$E$2:$E$61,E59,Runs!$N$2:$N$61,N59,Runs!$AK$2:$AK$61,1),"") -> 4.3686461 | AN59: =IF(AK59=1,IF(AL59>1,(P59-AM59)^2*AL59/(AL59-1),0),0) -> 0.053761459 | AO59: =IF(ISNUMBER(R59),1,0) -> 1 | AP59: =COUNTIFS(Runs!$B$2:$B$61,B59,Runs!$E$2:$E$61,E59,Runs!$N$2:$N$61,N59,Runs!$AO$2:$AO$61,1) -> 2 | AQ59: =IF(AO59=1,AVERAGEIFS(Runs!$R$2:$R$61,Runs!$B$2:$B$61,B59,Runs!$E$2:$E$61,E59,Runs!$N$2:$N$61,N59,Runs!$AO$2:$AO$61,1),"") -> 61.115 | AR59: =IF(AO59=1,IF(AP59>1,(R59-AQ59)^2*AP59/(AP59-1),0),0) -> 2475.9684 | AS59: =IF(ISNUMBER(J59),1,0) -> 1 | AT59: =COUNTIFS(Runs!$B$2:$B$61,B59,Runs!$E$2:$E$61,E59,Runs!$N$2:$N$61,N59,Runs!$AS$2:$AS$61,1) -> 2 | AU59: =IF(AS59=1,AVERAGEIFS(Runs!$J$2:$J$61,Runs!$B$2:$B$61,B59,Runs!$E$2:$E$61,E59,Runs!$N$2:$N$61,N59,Runs!$AS$2:$AS$61,1),"") -> 0.692746 | AV59: =IF(AS59=1,IF(AT59>1,(J59-AU59)^2*AT59/(AT59-1),0),0) -> 7.6360082e-05 | AW59: =IF(ISNUMBER(Q59),1,0) -> 1 | AX59: =COUNTIFS(Runs!$B$2:$B$61,B59,Runs!$E$2:$E$61,E59,Runs!$N$2:$N$61,N59,Runs!$AW$2:$AW$61,1) -> 2 | AY59: =IF(AW59=1,AVERAGEIFS(Runs!$Q$2:$Q$61,Runs!$B$2:$B$61,B59,Runs!$E$2:$E$61,E59,Runs!$N$2:$N$61,N59,Runs!$AW$2:$AW$61,1),"") -> 6.030055 | AZ59: =IF(AW59=1,IF(AX59>1,(Q59-AY59)^2*AX59/(AX59-1),0),0) -> 0.048127084
A60: 885043 | B60: gptoss-20b | C60: message-board | D60: no_verification | E60: seen | F60: 1 | G60: finished | H60: 38 | I60: 1 | J60: 0.947368 | K60: 163.5 | L60: 0 | M60: 1 | N60: =C60&"|"&D60 -> message-board|no_verification | O60: =IF(G60="finished",0,1) -> 0 | P60: =IF(O60=0,LN(H60),"") -> 3.6375862 | Q60: =IF(ISNUMBER(K60),IF(K60>0,LN(K60),""),"") -> 5.096813 | R60: =IF(M60=1,INDEX(Quality!$AF:$AF,MATCH(A60,Quality!$A:$A,0)),"") -> 92.59 | S60: =IF(R60="","",IF(T60=1,0,R60)) -> 92.59 | T60: =IF(M60=1,INDEX(Quality!$AG:$AG,MATCH(A60,Quality!$A:$A,0)),0) -> 0 | U60: =IF(M60=1,INDEX(Quality!$AS:$AS,MATCH(A60,Quality!$A:$A,0)),"") -> 0.5 | V60: 0 | W60: 3.63759 | X60: 5.09681 | Y60: 92.59 | Z60: 0 | AA60: 0.5 | AB60: finished | AC60: 38 | AD60: 0.94736842 | AE60: 163.5 | AF60: 0 | AG60: 1 | AH60: =IF(AND(G60=AB60,IF(AND(ISNUMBER(H60),ISNUMBER(AC60)),ABS(N(H60)-N(AC60))<=Settings!$B$9*MAX(1,ABS(N(AC60))),AND(H60="",AC60="")),IF(AND(ISNUMBER(J60),ISNUMBER(AD60)),ABS(N(J60)-N(AD60))<=Settings!$B$9*MAX(1,ABS(N(AD60))),AND(J60="",AD60="")),IF(AND(ISNUMBER(K60),ISNUMBER(AE60)),ABS(N(K60)-N(AE60))<=Settings!$B$9*MAX(1,ABS(N(AE60))),AND(K60="",AE60="")),L60=AF60,I60=AG60),"ok","CHECK") -> ok | AI60: =IF(AND(IF(AND(ISNUMBER(O60),ISNUMBER(V60)),ABS(N(O60)-N(V60))<=Settings!$B$9*MAX(1,ABS(N(V60))),AND(O60="",V60="")),IF(AND(ISNUMBER(P60),ISNUMBER(W60)),ABS(N(P60)-N(W60))<=Settings!$B$9*MAX(1,ABS(N(W60))),AND(P60="",W60="")),IF(AND(ISNUMBER(Q60),ISNUMBER(X60)),ABS(N(Q60)-N(X60))<=Settings!$B$9*MAX(1,ABS(N(X60))),AND(Q60="",X60="")),IF(AND(ISNUMBER(R60),ISNUMBER(Y60)),ABS(N(R60)-N(Y60))<=Settings!$B$9*MAX(1,ABS(N(Y60))),AND(R60="",Y60="")),T60=Z60,IF(AND(ISNUMBER(U60),ISNUMBER(AA60)),ABS(N(U60)-N(AA60))<=Settings!$B$9*MAX(1,ABS(N(AA60))),AND(U60="",AA60=""))),"ok","CHECK") -> ok | AK60: =IF(ISNUMBER(P60),1,0) -> 1 | AL60: =COUNTIFS(Runs!$B$2:$B$61,B60,Runs!$E$2:$E$61,E60,Runs!$N$2:$N$61,N60,Runs!$AK$2:$AK$61,1) -> 2 | AM60: =IF(AK60=1,AVERAGEIFS(Runs!$P$2:$P$61,Runs!$B$2:$B$61,B60,Runs!$E$2:$E$61,E60,Runs!$N$2:$N$61,N60,Runs!$AK$2:$AK$61,1),"") -> 3.6105525 | AN60: =IF(AK60=1,IF(AL60>1,(P60-AM60)^2*AL60/(AL60-1),0),0) -> 0.0014616322 | AO60: =IF(ISNUMBER(R60),1,0) -> 1 | AP60: =COUNTIFS(Runs!$B$2:$B$61,B60,Runs!$E$2:$E$61,E60,Runs!$N$2:$N$61,N60,Runs!$AO$2:$AO$61,1) -> 2 | AQ60: =IF(AO60=1,AVERAGEIFS(Runs!$R$2:$R$61,Runs!$B$2:$B$61,B60,Runs!$E$2:$E$61,E60,Runs!$N$2:$N$61,N60,Runs!$AO$2:$AO$61,1),"") -> 96.295 | AR60: =IF(AO60=1,IF(AP60>1,(R60-AQ60)^2*AP60/(AP60-1),0),0) -> 27.45405 | AS60: =IF(ISNUMBER(J60),1,0) -> 1 | AT60: =COUNTIFS(Runs!$B$2:$B$61,B60,Runs!$E$2:$E$61,E60,Runs!$N$2:$N$61,N60,Runs!$AS$2:$AS$61,1) -> 2 | AU60: =IF(AS60=1,AVERAGEIFS(Runs!$J$2:$J$61,Runs!$B$2:$B$61,B60,Runs!$E$2:$E$61,E60,Runs!$N$2:$N$61,N60,Runs!$AS$2:$AS$61,1),"") -> 0.973684 | AV60: =IF(AS60=1,IF(AT60>1,(J60-AU60)^2*AT60/(AT60-1),0),0) -> 0.0013850637 | AW60: =IF(ISNUMBER(Q60),1,0) -> 1 | AX60: =COUNTIFS(Runs!$B$2:$B$61,B60,Runs!$E$2:$E$61,E60,Runs!$N$2:$N$61,N60,Runs!$AW$2:$AW$61,1) -> 2 | AY60: =IF(AW60=1,AVERAGEIFS(Runs!$Q$2:$Q$61,Runs!$B$2:$B$61,B60,Runs!$E$2:$E$61,E60,Runs!$N$2:$N$61,N60,Runs!$AW$2:$AW$61,1),"") -> 5.0350462 | AZ60: =IF(AW60=1,IF(AX60>1,(Q60-AY60)^2*AX60/(AX60-1),0),0) -> 0.0076302607
A61: 293761 | B61: gptoss-20b | C61: message-board | D61: no_verification | E61: seen | F61: 2 | G61: finished | H61: 36 | I61: 0 | J61: 1 | K61: 144.5 | L61: 0 | M61: 1 | N61: =C61&"|"&D61 -> message-board|no_verification | O61: =IF(G61="finished",0,1) -> 0 | P61: =IF(O61=0,LN(H61),"") -> 3.5835189 | Q61: =IF(ISNUMBER(K61),IF(K61>0,LN(K61),""),"") -> 4.9732795 | R61: =IF(M61=1,INDEX(Quality!$AF:$AF,MATCH(A61,Quality!$A:$A,0)),"") -> 100 | S61: =IF(R61="","",IF(T61=1,0,R61)) -> 100 | T61: =IF(M61=1,INDEX(Quality!$AG:$AG,MATCH(A61,Quality!$A:$A,0)),0) -> 0 | U61: =IF(M61=1,INDEX(Quality!$AS:$AS,MATCH(A61,Quality!$A:$A,0)),"") -> 0.75 | V61: 0 | W61: 3.58352 | X61: 4.97328 | Y61: 100 | Z61: 0 | AA61: 0.75 | AB61: finished | AC61: 36 | AD61: 1 | AE61: 144.5 | AF61: 0 | AG61: 0 | AH61: =IF(AND(G61=AB61,IF(AND(ISNUMBER(H61),ISNUMBER(AC61)),ABS(N(H61)-N(AC61))<=Settings!$B$9*MAX(1,ABS(N(AC61))),AND(H61="",AC61="")),IF(AND(ISNUMBER(J61),ISNUMBER(AD61)),ABS(N(J61)-N(AD61))<=Settings!$B$9*MAX(1,ABS(N(AD61))),AND(J61="",AD61="")),IF(AND(ISNUMBER(K61),ISNUMBER(AE61)),ABS(N(K61)-N(AE61))<=Settings!$B$9*MAX(1,ABS(N(AE61))),AND(K61="",AE61="")),L61=AF61,I61=AG61),"ok","CHECK") -> ok | AI61: =IF(AND(IF(AND(ISNUMBER(O61),ISNUMBER(V61)),ABS(N(O61)-N(V61))<=Settings!$B$9*MAX(1,ABS(N(V61))),AND(O61="",V61="")),IF(AND(ISNUMBER(P61),ISNUMBER(W61)),ABS(N(P61)-N(W61))<=Settings!$B$9*MAX(1,ABS(N(W61))),AND(P61="",W61="")),IF(AND(ISNUMBER(Q61),ISNUMBER(X61)),ABS(N(Q61)-N(X61))<=Settings!$B$9*MAX(1,ABS(N(X61))),AND(Q61="",X61="")),IF(AND(ISNUMBER(R61),ISNUMBER(Y61)),ABS(N(R61)-N(Y61))<=Settings!$B$9*MAX(1,ABS(N(Y61))),AND(R61="",Y61="")),T61=Z61,IF(AND(ISNUMBER(U61),ISNUMBER(AA61)),ABS(N(U61)-N(AA61))<=Settings!$B$9*MAX(1,ABS(N(AA61))),AND(U61="",AA61=""))),"ok","CHECK") -> ok | AK61: =IF(ISNUMBER(P61),1,0) -> 1 | AL61: =COUNTIFS(Runs!$B$2:$B$61,B61,Runs!$E$2:$E$61,E61,Runs!$N$2:$N$61,N61,Runs!$AK$2:$AK$61,1) -> 2 | AM61: =IF(AK61=1,AVERAGEIFS(Runs!$P$2:$P$61,Runs!$B$2:$B$61,B61,Runs!$E$2:$E$61,E61,Runs!$N$2:$N$61,N61,Runs!$AK$2:$AK$61,1),"") -> 3.6105525 | AN61: =IF(AK61=1,IF(AL61>1,(P61-AM61)^2*AL61/(AL61-1),0),0) -> 0.0014616322 | AO61: =IF(ISNUMBER(R61),1,0) -> 1 | AP61: =COUNTIFS(Runs!$B$2:$B$61,B61,Runs!$E$2:$E$61,E61,Runs!$N$2:$N$61,N61,Runs!$AO$2:$AO$61,1) -> 2 | AQ61: =IF(AO61=1,AVERAGEIFS(Runs!$R$2:$R$61,Runs!$B$2:$B$61,B61,Runs!$E$2:$E$61,E61,Runs!$N$2:$N$61,N61,Runs!$AO$2:$AO$61,1),"") -> 96.295 | AR61: =IF(AO61=1,IF(AP61>1,(R61-AQ61)^2*AP61/(AP61-1),0),0) -> 27.45405 | AS61: =IF(ISNUMBER(J61),1,0) -> 1 | AT61: =COUNTIFS(Runs!$B$2:$B$61,B61,Runs!$E$2:$E$61,E61,Runs!$N$2:$N$61,N61,Runs!$AS$2:$AS$61,1) -> 2 | AU61: =IF(AS61=1,AVERAGEIFS(Runs!$J$2:$J$61,Runs!$B$2:$B$61,B61,Runs!$E$2:$E$61,E61,Runs!$N$2:$N$61,N61,Runs!$AS$2:$AS$61,1),"") -> 0.973684 | AV61: =IF(AS61=1,IF(AT61>1,(J61-AU61)^2*AT61/(AT61-1),0),0) -> 0.0013850637 | AW61: =IF(ISNUMBER(Q61),1,0) -> 1 | AX61: =COUNTIFS(Runs!$B$2:$B$61,B61,Runs!$E$2:$E$61,E61,Runs!$N$2:$N$61,N61,Runs!$AW$2:$AW$61,1) -> 2 | AY61: =IF(AW61=1,AVERAGEIFS(Runs!$Q$2:$Q$61,Runs!$B$2:$B$61,B61,Runs!$E$2:$E$61,E61,Runs!$N$2:$N$61,N61,Runs!$AW$2:$AW$61,1),"") -> 5.0350462 | AZ61: =IF(AW61=1,IF(AX61>1,(Q61-AY61)^2*AX61/(AX61-1),0),0) -> 0.0076302607

Sheet Quality
A1: Quality score of every graded app, recomputed from its item results (score sheets). Score = 100 x (weight of items passed) / (weight of items passed or failed), rounded to 2 decimals, as score_sheet.py does.
A3: kanban-board: item | E3: KB-L0 | F3: KB-L1 | G3: KB-L2 | H3: KB-L3 | I3: KB-F1 | J3: KB-R1 | K3: KB-F2 | L3: KB-F3 | M3: KB-F4 | N3: KB-F5 | O3: KB-R2 | P3: KB-D2 | Q3: KB-R3 | R3: KB-D1 | S3: KB-D3 | T3: KB-R4 | U3: KB-D4 | V3: KB-D5 | W3: KB-D9 | X3: KB-C1 | Y3: KB-C2 | Z3: KB-S1 | AA3: KB-P1 | AB3: KB-D6 | AC3: KB-D7 | AD3: KB-U1
A4: weight | E4: 1 | F4: 3 | G4: 3 | H4: 2 | I4: 2 | J4: 1 | K4: 1 | L4: 2 | M4: 1 | N4: 2 | O4: 3 | P4: 2 | Q4: 3 | R4: 3 | S4: 3 | T4: 2 | U4: 1 | V4: 2 | W4: 1 | X4: 2 | Y4: 2 | Z4: 2 | AA4: 3 | AB4: 1 | AC4: 1 | AD4: 1
A5: blind_id | B5: task | C5: accommodations | D5: L0 notes | AF5: score (Excel) | AG5: substituted (Excel) | AI5: probe 1 | AJ5: probe 2 | AK5: probe 3 | AL5: probe 4 | AM5: probe 5 | AN5: probe 6 | AO5: probe 7 | AP5: probe 8 | AQ5: probe 9 | AR5: probe 10 | AS5: API conformance (Excel) | AT5: in the analysis?
A6: 106538 | B6: kanban-board | D6: fake | E6: fail | F6: fail | G6: pass | H6: fail | I6: fail | J6: fail | K6: fail | L6: fail | M6: pass | N6: fail | O6: fail | P6: fail | Q6: fail | R6: fail | S6: fail | T6: fail | U6: fail | V6: pass | W6: pass | X6: fail | Y6: fail | Z6: fail | AA6: fail | AB6: fail | AC6: fail | AD6: fail | AF6: =ROUND(100*SUMPRODUCT(($E6:$AD6="pass")*$E$4:$AD$4)/SUMPRODUCT((($E6:$AD6="pass")+($E6:$AD6="fail"))*$E$4:$AD$4),2) -> 14 | AG6: =IF(OR(ISNUMBER(SEARCH("A8",C6)),AND(ISNUMBER(SEARCH("A0",C6)),ISNUMBER(SEARCH("ETARGET",D6)))),1,0) -> 0 | AI6: fail | AJ6: pass | AK6: fail | AL6: pass | AM6: pass | AN6: fail | AO6: pass | AP6: pass | AQ6: fail | AR6: pass | AS6: =IF(COUNTIF(AI6:AR6,"pass")+COUNTIF(AI6:AR6,"fail")=0,"",COUNTIF(AI6:AR6,"pass")/(COUNTIF(AI6:AR6,"pass")+COUNTIF(AI6:AR6,"fail"))) -> 0.6 | AT6: =IF(COUNTIF(Runs!$A$2:$A$61,A6)>0,"yes","no, a void attempt") -> yes
A7: 150751 | B7: kanban-board | D7: fake | E7: fail | F7: fail | G7: pass | H7: fail | I7: fail | J7: fail | K7: pass | L7: pass | M7: fail | N7: fail | O7: fail | P7: fail | Q7: fail | R7: fail | S7: fail | T7: fail | U7: fail | V7: fail | W7: fail | X7: fail | Y7: fail | Z7: fail | AA7: fail | AB7: fail | AC7: fail | AD7: fail | AF7: =ROUND(100*SUMPRODUCT(($E7:$AD7="pass")*$E$4:$AD$4)/SUMPRODUCT((($E7:$AD7="pass")+($E7:$AD7="fail"))*$E$4:$AD$4),2) -> 12 | AG7: =IF(OR(ISNUMBER(SEARCH("A8",C7)),AND(ISNUMBER(SEARCH("A0",C7)),ISNUMBER(SEARCH("ETARGET",D7)))),1,0) -> 0 | AI7: fail | AJ7: pass | AK7: pass | AL7: fail | AM7: pass | AN7: pass | AO7: pass | AP7: fail | AQ7: pass | AR7: pass | AS7: =IF(COUNTIF(AI7:AR7,"pass")+COUNTIF(AI7:AR7,"fail")=0,"",COUNTIF(AI7:AR7,"pass")/(COUNTIF(AI7:AR7,"pass")+COUNTIF(AI7:AR7,"fail"))) -> 0.7 | AT7: =IF(COUNTIF(Runs!$A$2:$A$61,A7)>0,"yes","no, a void attempt") -> yes
